,手數,玩家,行為,進張,手牌,吃,碰,槓,talkA,talkB,talkC,talkD,messageA,messageB,messageC,messageD,promptA,promptB,promptC,promptD,Total_messageA,Total_messageB,Total_messageC,Total_messageD
0,1,2,摸,5A,3A 8A 3B 3B 4B 7B 0C 4C 5C 6C 7C 0D 1D ,,,,"嘿嘿，大家加油喲，看誰能成為今晚赢家！""",,,"唉，反正我運氣不好，大家隨意啦。""",第1手:你看到玩家C摸牌,第1手:你看到玩家C摸牌,第1手:你摸到一張沒用的牌。向聽數還是:5,第1手:你看到玩家C摸牌,以下由你的視角看到的遊戲過程和對話:遊戲開始:，第1手:你看到玩家C摸牌,,,"以下由你的視角看到的遊戲過程和對話:遊戲開始:，第1手:你看到玩家C摸牌，A:嘿嘿，大家加油喲，看誰能成為今晚赢家！""","[{'role': 'system', 'content': '你扮演幽默的玩家A，正在和其他三個玩家打台灣麻將。'}, {'role': 'user', 'content': '記住以下台灣麻將規則:玩家以抽取牌堆和棄手牌的方式來組成勝利的手牌，一局只有一個人能贏錢，因此會隨著手數越來越緊張。你不能看到其他玩家的手牌也不能洩漏自己的手牌，\n            但你可以依照他們的丟牌和對話來猜測他們是不是快贏了。勝利的手牌包括：五組刻子或順子和一對相同的牌。\n            遊戲過程中，玩家可以進行碰牌（利用別人棄的牌形成刻子），吃牌（利用別人棄的牌形成順子），槓牌（利用四張相同的牌，可以是自己手上的牌，也可以包括別人棄的牌）。每個回合結束後，根據各種規則和條件計算分數。'}, {'role': 'user', 'content': '以下由你的視角看到的遊戲過程和對話:遊戲開始:，第1手:你看到玩家C摸牌請根據你看到的遊戲過程用簡短(15字內)又能表達感情的方式和玩家們交流。'}, {'role': 'assistant', 'content': '我:""'}]",,,"[{'role': 'system', 'content': '你扮演悲觀的玩家D，正在和其他三個玩家打台灣麻將。'}, {'role': 'user', 'content': '記住以下台灣麻將規則:玩家以抽取牌堆和棄手牌的方式來組成勝利的手牌，一局只有一個人能贏錢，因此會隨著手數越來越緊張。你不能看到其他玩家的手牌也不能洩漏自己的手牌，\n            但你可以依照他們的丟牌和對話來猜測他們是不是快贏了。勝利的手牌包括：五組刻子或順子和一對相同的牌。\n            遊戲過程中，玩家可以進行碰牌（利用別人棄的牌形成刻子），吃牌（利用別人棄的牌形成順子），槓牌（利用四張相同的牌，可以是自己手上的牌，也可以包括別人棄的牌）。每個回合結束後，根據各種規則和條件計算分數。'}, {'role': 'user', 'content': '以下由你的視角看到的遊戲過程和對話:遊戲開始:，第1手:你看到玩家C摸牌，A:嘿嘿，大家加油喲，看誰能成為今晚赢家！""請根據你看到的遊戲過程用簡短(15字內)又能表達感情的方式和玩家們交流。'}, {'role': 'assistant', 'content': '我:""'}]"
1,1,2,丟,0D,3A 5A 8A 3B 3B 4B 7B 0C 4C 5C 6C 7C 1D ,,,,,"運氣好壞難說，就看誰先笑到最后啦！""","開局大家加油，一起來開心鬥一番吧！""",,第1手:你看到玩家C丟紅中,第1手:你看到玩家C丟紅中,第1手:你丟紅中,第1手:你看到玩家C丟紅中,,"以下由你的視角看到的遊戲過程和對話:遊戲開始:，第1手:你看到玩家C摸牌，A:嘿嘿，大家加油喲，看誰能成為今晚赢家！""，D:唉，反正我運氣不好，大家隨意啦。""，第1手:你看到玩家C丟紅中","以下由你的視角看到的遊戲過程和對話:遊戲開始:，第1手:你摸到一張沒用的牌。向聽數還是:5，A:嘿嘿，大家加油喲，看誰能成為今晚赢家！""，D:唉，反正我運氣不好，大家隨意啦。""，第1手:你丟紅中，B:運氣好壞難說，就看誰先笑到最后啦！""",,,"[{'role': 'system', 'content': '你扮演愛諷刺的玩家B，正在和其他三個玩家打台灣麻將。'}, {'role': 'user', 'content': '記住以下台灣麻將規則:玩家以抽取牌堆和棄手牌的方式來組成勝利的手牌，一局只有一個人能贏錢，因此會隨著手數越來越緊張。你不能看到其他玩家的手牌也不能洩漏自己的手牌，\n            但你可以依照他們的丟牌和對話來猜測他們是不是快贏了。勝利的手牌包括：五組刻子或順子和一對相同的牌。\n            遊戲過程中，玩家可以進行碰牌（利用別人棄的牌形成刻子），吃牌（利用別人棄的牌形成順子），槓牌（利用四張相同的牌，可以是自己手上的牌，也可以包括別人棄的牌）。每個回合結束後，根據各種規則和條件計算分數。'}, {'role': 'user', 'content': '以下由你的視角看到的遊戲過程和對話:遊戲開始:，第1手:你看到玩家C摸牌，A:嘿嘿，大家加油喲，看誰能成為今晚赢家！""，D:唉，反正我運氣不好，大家隨意啦。""，第1手:你看到玩家C丟紅中請根據你看到的遊戲過程用簡短(15字內)又能表達感情的方式和玩家們交流。'}, {'role': 'assistant', 'content': '我:""'}]","[{'role': 'system', 'content': '你扮演樂觀的玩家C，正在和其他三個玩家打台灣麻將。'}, {'role': 'user', 'content': '記住以下台灣麻將規則:玩家以抽取牌堆和棄手牌的方式來組成勝利的手牌，一局只有一個人能贏錢，因此會隨著手數越來越緊張。你不能看到其他玩家的手牌也不能洩漏自己的手牌，\n            但你可以依照他們的丟牌和對話來猜測他們是不是快贏了。勝利的手牌包括：五組刻子或順子和一對相同的牌。\n            遊戲過程中，玩家可以進行碰牌（利用別人棄的牌形成刻子），吃牌（利用別人棄的牌形成順子），槓牌（利用四張相同的牌，可以是自己手上的牌，也可以包括別人棄的牌）。每個回合結束後，根據各種規則和條件計算分數。'}, {'role': 'user', 'content': '以下由你的視角看到的遊戲過程和對話:遊戲開始:，第1手:你摸到一張沒用的牌。向聽數還是:5，A:嘿嘿，大家加油喲，看誰能成為今晚赢家！""，D:唉，反正我運氣不好，大家隨意啦。""，第1手:你丟紅中，B:運氣好壞難說，就看誰先笑到最后啦！""請根據你看到的遊戲過程用簡短(15字內)又能表達感情的方式和玩家們交流。'}, {'role': 'assistant', 'content': '我:""'}]",
2,2,1,摸,1E,1A 2B 4B 5B 6B 0C 1C 1C 5C 8C 0D 2D 2E ,,,,,,,,第2手:你看到玩家B摸牌,第2手:你摸到一張沒用的牌。向聽數還是:5,第2手:你看到玩家B摸牌,第2手:你看到玩家B摸牌,,,,,,,,
3,2,1,丟,0D,1A 2B 4B 5B 6B 0C 1C 1C 5C 8C 2D 1E 2E ,,,,,"嗯...看來這沒用，沒關係，運氣總會轉好的！""","好心情勝過好牌，一起加油吧！""","這麼早就丟紅中，真是悠閒啊！""",第2手:你看到玩家B丟紅中,第2手:你丟紅中,第2手:你看到玩家B丟紅中,第2手:你看到玩家B丟紅中,,"以下由你的視角看到的遊戲過程和對話:遊戲開始:，第1手:你看到玩家C摸牌，A:嘿嘿，大家加油喲，看誰能成為今晚赢家！""，D:唉，反正我運氣不好，大家隨意啦。""，第1手:你看到玩家C丟紅中，B:運氣好壞難說，就看誰先笑到最后啦！""，C:開局大家加油，一起來開心鬥一番吧！""，第2手:你摸到一張沒用的牌。向聽數還是:5，第2手:你丟紅中","以下由你的視角看到的遊戲過程和對話:遊戲開始:，第1手:你摸到一張沒用的牌。向聽數還是:5，A:嘿嘿，大家加油喲，看誰能成為今晚赢家！""，D:唉，反正我運氣不好，大家隨意啦。""，第1手:你丟紅中，B:運氣好壞難說，就看誰先笑到最后啦！""，C:開局大家加油，一起來開心鬥一番吧！""，第2手:你看到玩家B摸牌，第2手:你看到玩家B丟紅中，B:嗯...看來這沒用，沒關係，運氣總會轉好的！""","以下由你的視角看到的遊戲過程和對話:遊戲開始:，第1手:你看到玩家C摸牌，A:嘿嘿，大家加油喲，看誰能成為今晚赢家！""，D:唉，反正我運氣不好，大家隨意啦。""，第1手:你看到玩家C丟紅中，B:運氣好壞難說，就看誰先笑到最后啦！""，C:開局大家加油，一起來開心鬥一番吧！""，第2手:你看到玩家B摸牌，第2手:你看到玩家B丟紅中，B:嗯...看來這沒用，沒關係，運氣總會轉好的！""，C:好心情勝過好牌，一起加油吧！""",,"[{'role': 'system', 'content': '你扮演愛諷刺的玩家B，正在和其他三個玩家打台灣麻將。'}, {'role': 'user', 'content': '記住以下台灣麻將規則:玩家以抽取牌堆和棄手牌的方式來組成勝利的手牌，一局只有一個人能贏錢，因此會隨著手數越來越緊張。你不能看到其他玩家的手牌也不能洩漏自己的手牌，\n            但你可以依照他們的丟牌和對話來猜測他們是不是快贏了。勝利的手牌包括：五組刻子或順子和一對相同的牌。\n            遊戲過程中，玩家可以進行碰牌（利用別人棄的牌形成刻子），吃牌（利用別人棄的牌形成順子），槓牌（利用四張相同的牌，可以是自己手上的牌，也可以包括別人棄的牌）。每個回合結束後，根據各種規則和條件計算分數。'}, {'role': 'user', 'content': '以下由你的視角看到的遊戲過程和對話:遊戲開始:，第1手:你看到玩家C摸牌，A:嘿嘿，大家加油喲，看誰能成為今晚赢家！""，D:唉，反正我運氣不好，大家隨意啦。""，第1手:你看到玩家C丟紅中，B:運氣好壞難說，就看誰先笑到最后啦！""，C:開局大家加油，一起來開心鬥一番吧！""，第2手:你摸到一張沒用的牌。向聽數還是:5，第2手:你丟紅中請根據你看到的遊戲過程用簡短(15字內)又能表達感情的方式和玩家們交流。'}, {'role': 'assistant', 'content': '我:""'}]","[{'role': 'system', 'content': '你扮演樂觀的玩家C，正在和其他三個玩家打台灣麻將。'}, {'role': 'user', 'content': '記住以下台灣麻將規則:玩家以抽取牌堆和棄手牌的方式來組成勝利的手牌，一局只有一個人能贏錢，因此會隨著手數越來越緊張。你不能看到其他玩家的手牌也不能洩漏自己的手牌，\n            但你可以依照他們的丟牌和對話來猜測他們是不是快贏了。勝利的手牌包括：五組刻子或順子和一對相同的牌。\n            遊戲過程中，玩家可以進行碰牌（利用別人棄的牌形成刻子），吃牌（利用別人棄的牌形成順子），槓牌（利用四張相同的牌，可以是自己手上的牌，也可以包括別人棄的牌）。每個回合結束後，根據各種規則和條件計算分數。'}, {'role': 'user', 'content': '以下由你的視角看到的遊戲過程和對話:遊戲開始:，第1手:你摸到一張沒用的牌。向聽數還是:5，A:嘿嘿，大家加油喲，看誰能成為今晚赢家！""，D:唉，反正我運氣不好，大家隨意啦。""，第1手:你丟紅中，B:運氣好壞難說，就看誰先笑到最后啦！""，C:開局大家加油，一起來開心鬥一番吧！""，第2手:你看到玩家B摸牌，第2手:你看到玩家B丟紅中，B:嗯...看來這沒用，沒關係，運氣總會轉好的！""請根據你看到的遊戲過程用簡短(15字內)又能表達感情的方式和玩家們交流。'}, {'role': 'assistant', 'content': '我:""'}]","[{'role': 'system', 'content': '你扮演悲觀的玩家D，正在和其他三個玩家打台灣麻將。'}, {'role': 'user', 'content': '記住以下台灣麻將規則:玩家以抽取牌堆和棄手牌的方式來組成勝利的手牌，一局只有一個人能贏錢，因此會隨著手數越來越緊張。你不能看到其他玩家的手牌也不能洩漏自己的手牌，\n            但你可以依照他們的丟牌和對話來猜測他們是不是快贏了。勝利的手牌包括：五組刻子或順子和一對相同的牌。\n            遊戲過程中，玩家可以進行碰牌（利用別人棄的牌形成刻子），吃牌（利用別人棄的牌形成順子），槓牌（利用四張相同的牌，可以是自己手上的牌，也可以包括別人棄的牌）。每個回合結束後，根據各種規則和條件計算分數。'}, {'role': 'user', 'content': '以下由你的視角看到的遊戲過程和對話:遊戲開始:，第1手:你看到玩家C摸牌，A:嘿嘿，大家加油喲，看誰能成為今晚赢家！""，D:唉，反正我運氣不好，大家隨意啦。""，第1手:你看到玩家C丟紅中，B:運氣好壞難說，就看誰先笑到最后啦！""，C:開局大家加油，一起來開心鬥一番吧！""，第2手:你看到玩家B摸牌，第2手:你看到玩家B丟紅中，B:嗯...看來這沒用，沒關係，運氣總會轉好的！""，C:好心情勝過好牌，一起加油吧！""請根據你看到的遊戲過程用簡短(15字內)又能表達感情的方式和玩家們交流。'}, {'role': 'assistant', 'content': '我:""'}]"
4,3,0,摸,2C,1A 7A 8A 0B 0B 4C 7C 8C 8C 0D 0E 1E 3E ,,,,,,"沒事，開局才剛開始，等等露出驚喜！""",,第3手:你摸到一張好牌了!向聽數降為:6,第3手:你看到玩家A摸牌,第3手:你看到玩家A摸牌,第3手:你看到玩家A摸牌,,,"以下由你的視角看到的遊戲過程和對話:遊戲開始:，第1手:你摸到一張沒用的牌。向聽數還是:5，A:嘿嘿，大家加油喲，看誰能成為今晚赢家！""，D:唉，反正我運氣不好，大家隨意啦。""，第1手:你丟紅中，B:運氣好壞難說，就看誰先笑到最后啦！""，C:開局大家加油，一起來開心鬥一番吧！""，第2手:你看到玩家B摸牌，第2手:你看到玩家B丟紅中，B:嗯...看來這沒用，沒關係，運氣總會轉好的！""，C:好心情勝過好牌，一起加油吧！""，D:這麼早就丟紅中，真是悠閒啊！""，第3手:你看到玩家A摸牌",,,,"[{'role': 'system', 'content': '你扮演樂觀的玩家C，正在和其他三個玩家打台灣麻將。'}, {'role': 'user', 'content': '記住以下台灣麻將規則:玩家以抽取牌堆和棄手牌的方式來組成勝利的手牌，一局只有一個人能贏錢，因此會隨著手數越來越緊張。你不能看到其他玩家的手牌也不能洩漏自己的手牌，\n            但你可以依照他們的丟牌和對話來猜測他們是不是快贏了。勝利的手牌包括：五組刻子或順子和一對相同的牌。\n            遊戲過程中，玩家可以進行碰牌（利用別人棄的牌形成刻子），吃牌（利用別人棄的牌形成順子），槓牌（利用四張相同的牌，可以是自己手上的牌，也可以包括別人棄的牌）。每個回合結束後，根據各種規則和條件計算分數。'}, {'role': 'user', 'content': '以下由你的視角看到的遊戲過程和對話:遊戲開始:，第1手:你摸到一張沒用的牌。向聽數還是:5，A:嘿嘿，大家加油喲，看誰能成為今晚赢家！""，D:唉，反正我運氣不好，大家隨意啦。""，第1手:你丟紅中，B:運氣好壞難說，就看誰先笑到最后啦！""，C:開局大家加油，一起來開心鬥一番吧！""，第2手:你看到玩家B摸牌，第2手:你看到玩家B丟紅中，B:嗯...看來這沒用，沒關係，運氣總會轉好的！""，C:好心情勝過好牌，一起加油吧！""，D:這麼早就丟紅中，真是悠閒啊！""，第3手:你看到玩家A摸牌請根據你看到的遊戲過程用簡短(15字內)又能表達感情的方式和玩家們交流。'}, {'role': 'assistant', 'content': '我:""'}]",
5,3,0,丟,1A,7A 8A 0B 0B 2C 4C 7C 8C 8C 0D 0E 1E 3E ,,,,"哎呦，捨不得丟這2萬！不過，爾虞我詐就是這副模樣～""",,,,第3手:你丟2萬,第3手:你看到玩家A丟2萬,第3手:你看到玩家A丟2萬,第3手:你看到玩家A丟2萬,"以下由你的視角看到的遊戲過程和對話:遊戲開始:，第1手:你看到玩家C摸牌，A:嘿嘿，大家加油喲，看誰能成為今晚赢家！""，D:唉，反正我運氣不好，大家隨意啦。""，第1手:你看到玩家C丟紅中，B:運氣好壞難說，就看誰先笑到最后啦！""，C:開局大家加油，一起來開心鬥一番吧！""，第2手:你看到玩家B摸牌，第2手:你看到玩家B丟紅中，B:嗯...看來這沒用，沒關係，運氣總會轉好的！""，C:好心情勝過好牌，一起加油吧！""，D:這麼早就丟紅中，真是悠閒啊！""，第3手:你摸到一張好牌了!向聽數降為:6，C:沒事，開局才剛開始，等等露出驚喜！""，第3手:你丟2萬",,,,"[{'role': 'system', 'content': '你扮演幽默的玩家A，正在和其他三個玩家打台灣麻將。'}, {'role': 'user', 'content': '記住以下台灣麻將規則:玩家以抽取牌堆和棄手牌的方式來組成勝利的手牌，一局只有一個人能贏錢，因此會隨著手數越來越緊張。你不能看到其他玩家的手牌也不能洩漏自己的手牌，\n            但你可以依照他們的丟牌和對話來猜測他們是不是快贏了。勝利的手牌包括：五組刻子或順子和一對相同的牌。\n            遊戲過程中，玩家可以進行碰牌（利用別人棄的牌形成刻子），吃牌（利用別人棄的牌形成順子），槓牌（利用四張相同的牌，可以是自己手上的牌，也可以包括別人棄的牌）。每個回合結束後，根據各種規則和條件計算分數。'}, {'role': 'user', 'content': '以下由你的視角看到的遊戲過程和對話:遊戲開始:，第1手:你看到玩家C摸牌，A:嘿嘿，大家加油喲，看誰能成為今晚赢家！""，D:唉，反正我運氣不好，大家隨意啦。""，第1手:你看到玩家C丟紅中，B:運氣好壞難說，就看誰先笑到最后啦！""，C:開局大家加油，一起來開心鬥一番吧！""，第2手:你看到玩家B摸牌，第2手:你看到玩家B丟紅中，B:嗯...看來這沒用，沒關係，運氣總會轉好的！""，C:好心情勝過好牌，一起加油吧！""，D:這麼早就丟紅中，真是悠閒啊！""，第3手:你摸到一張好牌了!向聽數降為:6，C:沒事，開局才剛開始，等等露出驚喜！""，第3手:你丟2萬請根據你看到的遊戲過程用簡短(15字內)又能表達感情的方式和玩家們交流。'}, {'role': 'assistant', 'content': '我:""'}]",,,
6,4,3,摸,0E,0A 2A 3A 4A 5A 5A 6A 8A 2B 5B 7B 0C 6C ,,,,,"哎呀，2萬真是風華絕代，可惜分手了！""",,,第4手:你看到玩家D摸牌,第4手:你看到玩家D摸牌,第4手:你看到玩家D摸牌,第4手:你摸到一張沒用的牌。向聽數還是:7,,"遊戲開始:，第1手:你看到玩家C摸牌，A:嘿嘿，大家加油喲，看誰能成為今晚赢家！""，D:唉，反正我運氣不好，大家隨意啦。""，第1手:你看到玩家C丟紅中，B:運氣好壞難說，就看誰先笑到最后啦！""，C:開局大家加油，一起來開心鬥一番吧！""，第2手:你摸到一張沒用的牌。向聽數還是:5，第2手:你丟紅中，B:嗯...看來這沒用，沒關係，運氣總會轉好的！""，C:好心情勝過好牌，一起加油吧！""，D:這麼早就丟紅中，真是悠閒啊！""，第3手:你看到玩家A摸牌，C:沒事，開局才剛開始，等等露出驚喜！""，第3手:你看到玩家A丟2萬，A:哎呦，捨不得丟這2萬！不過，爾虞我詐就是這副模樣～""，第4手:你看到玩家D摸牌",,,,"[{'role': 'system', 'content': '你扮演愛諷刺的玩家B，正在和其他三個玩家打台灣麻將。'}, {'role': 'user', 'content': '記住以下台灣麻將規則:玩家以抽取牌堆和棄手牌的方式來組成勝利的手牌，一局只有一個人能贏錢，因此會隨著手數越來越緊張。你不能看到其他玩家的手牌也不能洩漏自己的手牌，\n            但你可以依照他們的丟牌和對話來猜測他們是不是快贏了。勝利的手牌包括：五組刻子或順子和一對相同的牌。\n            遊戲過程中，玩家可以進行碰牌（利用別人棄的牌形成刻子），吃牌（利用別人棄的牌形成順子），槓牌（利用四張相同的牌，可以是自己手上的牌，也可以包括別人棄的牌）。每個回合結束後，根據各種規則和條件計算分數。'}, {'role': 'user', 'content': '遊戲開始:，第1手:你看到玩家C摸牌，A:嘿嘿，大家加油喲，看誰能成為今晚赢家！""，D:唉，反正我運氣不好，大家隨意啦。""，第1手:你看到玩家C丟紅中，B:運氣好壞難說，就看誰先笑到最后啦！""，C:開局大家加油，一起來開心鬥一番吧！""，第2手:你摸到一張沒用的牌。向聽數還是:5，第2手:你丟紅中，B:嗯...看來這沒用，沒關係，運氣總會轉好的！""，C:好心情勝過好牌，一起加油吧！""，D:這麼早就丟紅中，真是悠閒啊！""，第3手:你看到玩家A摸牌，C:沒事，開局才剛開始，等等露出驚喜！""，第3手:你看到玩家A丟2萬，A:哎呦，捨不得丟這2萬！不過，爾虞我詐就是這副模樣～""，第4手:你看到玩家D摸牌請根據你看到的遊戲過程用簡短(15字內)又能表達感情的方式和玩家們交流。'}, {'role': 'assistant', 'content': '我:""'}]",,
7,4,3,丟,2B,0A 2A 3A 4A 5A 5A 6A 8A 5B 7B 0C 6C 0E ,,,,,"D的3條送別真傷感，遊戲才開始，激情戰火已經燃起！""",,"運氣不佳，向聽數遠呢，努力爭取扭轉戰局吧！""",第4手:你看到玩家D丟3條,第4手:你看到玩家D丟3條,第4手:你看到玩家D丟3條,第4手:你丟3條,,"晚赢家！""，D:唉，反正我運氣不好，大家隨意啦。""，第1手:你看到玩家C丟紅中，B:運氣好壞難說，就看誰先笑到最后啦！""，C:開局大家加油，一起來開心鬥一番吧！""，第2手:你摸到一張沒用的牌。向聽數還是:5，第2手:你丟紅中，B:嗯...看來這沒用，沒關係，運氣總會轉好的！""，C:好心情勝過好牌，一起加油吧！""，D:這麼早就丟紅中，真是悠閒啊！""，第3手:你看到玩家A摸牌，C:沒事，開局才剛開始，等等露出驚喜！""，第3手:你看到玩家A丟2萬，A:哎呦，捨不得丟這2萬！不過，爾虞我詐就是這副模樣～""，第4手:你看到玩家D摸牌，B:哎呀，2萬真是風華絕代，可惜分手了！""，第4手:你看到玩家D丟3條",,":你看到玩家C丟紅中，B:運氣好壞難說，就看誰先笑到最后啦！""，C:開局大家加油，一起來開心鬥一番吧！""，第2手:你看到玩家B摸牌，第2手:你看到玩家B丟紅中，B:嗯...看來這沒用，沒關係，運氣總會轉好的！""，C:好心情勝過好牌，一起加油吧！""，D:這麼早就丟紅中，真是悠閒啊！""，第3手:你看到玩家A摸牌，C:沒事，開局才剛開始，等等露出驚喜！""，第3手:你看到玩家A丟2萬，A:哎呦，捨不得丟這2萬！不過，爾虞我詐就是這副模樣～""，第4手:你摸到一張沒用的牌。向聽數還是:7，B:哎呀，2萬真是風華絕代，可惜分手了！""，第4手:你丟3條，B:D的3條送別真傷感，遊戲才開始，激情戰火已經燃起！""",,"[{'role': 'system', 'content': '你扮演愛諷刺的玩家B，正在和其他三個玩家打台灣麻將。'}, {'role': 'user', 'content': '記住以下台灣麻將規則:玩家以抽取牌堆和棄手牌的方式來組成勝利的手牌，一局只有一個人能贏錢，因此會隨著手數越來越緊張。你不能看到其他玩家的手牌也不能洩漏自己的手牌，\n            但你可以依照他們的丟牌和對話來猜測他們是不是快贏了。勝利的手牌包括：五組刻子或順子和一對相同的牌。\n            遊戲過程中，玩家可以進行碰牌（利用別人棄的牌形成刻子），吃牌（利用別人棄的牌形成順子），槓牌（利用四張相同的牌，可以是自己手上的牌，也可以包括別人棄的牌）。每個回合結束後，根據各種規則和條件計算分數。'}, {'role': 'user', 'content': '晚赢家！""，D:唉，反正我運氣不好，大家隨意啦。""，第1手:你看到玩家C丟紅中，B:運氣好壞難說，就看誰先笑到最后啦！""，C:開局大家加油，一起來開心鬥一番吧！""，第2手:你摸到一張沒用的牌。向聽數還是:5，第2手:你丟紅中，B:嗯...看來這沒用，沒關係，運氣總會轉好的！""，C:好心情勝過好牌，一起加油吧！""，D:這麼早就丟紅中，真是悠閒啊！""，第3手:你看到玩家A摸牌，C:沒事，開局才剛開始，等等露出驚喜！""，第3手:你看到玩家A丟2萬，A:哎呦，捨不得丟這2萬！不過，爾虞我詐就是這副模樣～""，第4手:你看到玩家D摸牌，B:哎呀，2萬真是風華絕代，可惜分手了！""，第4手:你看到玩家D丟3條請根據你看到的遊戲過程用簡短(15字內)又能表達感情的方式和玩家們交流。'}, {'role': 'assistant', 'content': '我:""'}]",,"[{'role': 'system', 'content': '你扮演悲觀的玩家D，正在和其他三個玩家打台灣麻將。'}, {'role': 'user', 'content': '記住以下台灣麻將規則:玩家以抽取牌堆和棄手牌的方式來組成勝利的手牌，一局只有一個人能贏錢，因此會隨著手數越來越緊張。你不能看到其他玩家的手牌也不能洩漏自己的手牌，\n            但你可以依照他們的丟牌和對話來猜測他們是不是快贏了。勝利的手牌包括：五組刻子或順子和一對相同的牌。\n            遊戲過程中，玩家可以進行碰牌（利用別人棄的牌形成刻子），吃牌（利用別人棄的牌形成順子），槓牌（利用四張相同的牌，可以是自己手上的牌，也可以包括別人棄的牌）。每個回合結束後，根據各種規則和條件計算分數。'}, {'role': 'user', 'content': ':你看到玩家C丟紅中，B:運氣好壞難說，就看誰先笑到最后啦！""，C:開局大家加油，一起來開心鬥一番吧！""，第2手:你看到玩家B摸牌，第2手:你看到玩家B丟紅中，B:嗯...看來這沒用，沒關係，運氣總會轉好的！""，C:好心情勝過好牌，一起加油吧！""，D:這麼早就丟紅中，真是悠閒啊！""，第3手:你看到玩家A摸牌，C:沒事，開局才剛開始，等等露出驚喜！""，第3手:你看到玩家A丟2萬，A:哎呦，捨不得丟這2萬！不過，爾虞我詐就是這副模樣～""，第4手:你摸到一張沒用的牌。向聽數還是:7，B:哎呀，2萬真是風華絕代，可惜分手了！""，第4手:你丟3條，B:D的3條送別真傷感，遊戲才開始，激情戰火已經燃起！""請根據你看到的遊戲過程用簡短(15字內)又能表達感情的方式和玩家們交流。'}, {'role': 'assistant', 'content': '我:""'}]"
8,5,2,摸,3C,3A 5A 8A 3B 3B 4B 7B 0C 4C 5C 6C 7C 1D ,,,,,"好牌總會等人，各位繼續加油哦～""","摸到好牌真開心，大家繼續加油！一起努力贏牌！""",,第5手:你看到玩家C摸牌,第5手:你看到玩家C摸牌,第5手:你摸到一張好牌了!向聽數降為:5,第5手:你看到玩家C摸牌,,"加油，一起來開心鬥一番吧！""，第2手:你摸到一張沒用的牌。向聽數還是:5，第2手:你丟紅中，B:嗯...看來這沒用，沒關係，運氣總會轉好的！""，C:好心情勝過好牌，一起加油吧！""，D:這麼早就丟紅中，真是悠閒啊！""，第3手:你看到玩家A摸牌，C:沒事，開局才剛開始，等等露出驚喜！""，第3手:你看到玩家A丟2萬，A:哎呦，捨不得丟這2萬！不過，爾虞我詐就是這副模樣～""，第4手:你看到玩家D摸牌，B:哎呀，2萬真是風華絕代，可惜分手了！""，第4手:你看到玩家D丟3條，B:D的3條送別真傷感，遊戲才開始，激情戰火已經燃起！""，D:運氣不佳，向聽數遠呢，努力爭取扭轉戰局吧！""，第5手:你看到玩家C摸牌","家B摸牌，第2手:你看到玩家B丟紅中，B:嗯...看來這沒用，沒關係，運氣總會轉好的！""，C:好心情勝過好牌，一起加油吧！""，D:這麼早就丟紅中，真是悠閒啊！""，第3手:你看到玩家A摸牌，C:沒事，開局才剛開始，等等露出驚喜！""，第3手:你看到玩家A丟2萬，A:哎呦，捨不得丟這2萬！不過，爾虞我詐就是這副模樣～""，第4手:你看到玩家D摸牌，B:哎呀，2萬真是風華絕代，可惜分手了！""，第4手:你看到玩家D丟3條，B:D的3條送別真傷感，遊戲才開始，激情戰火已經燃起！""，D:運氣不佳，向聽數遠呢，努力爭取扭轉戰局吧！""，第5手:你摸到一張好牌了!向聽數降為:5，B:好牌總會等人，各位繼續加油哦～""",,,"[{'role': 'system', 'content': '你扮演愛諷刺的玩家B，正在和其他三個玩家打台灣麻將。'}, {'role': 'user', 'content': '記住以下台灣麻將規則:玩家以抽取牌堆和棄手牌的方式來組成勝利的手牌，一局只有一個人能贏錢，因此會隨著手數越來越緊張。你不能看到其他玩家的手牌也不能洩漏自己的手牌，\n            但你可以依照他們的丟牌和對話來猜測他們是不是快贏了。勝利的手牌包括：五組刻子或順子和一對相同的牌。\n            遊戲過程中，玩家可以進行碰牌（利用別人棄的牌形成刻子），吃牌（利用別人棄的牌形成順子），槓牌（利用四張相同的牌，可以是自己手上的牌，也可以包括別人棄的牌）。每個回合結束後，根據各種規則和條件計算分數。'}, {'role': 'user', 'content': '加油，一起來開心鬥一番吧！""，第2手:你摸到一張沒用的牌。向聽數還是:5，第2手:你丟紅中，B:嗯...看來這沒用，沒關係，運氣總會轉好的！""，C:好心情勝過好牌，一起加油吧！""，D:這麼早就丟紅中，真是悠閒啊！""，第3手:你看到玩家A摸牌，C:沒事，開局才剛開始，等等露出驚喜！""，第3手:你看到玩家A丟2萬，A:哎呦，捨不得丟這2萬！不過，爾虞我詐就是這副模樣～""，第4手:你看到玩家D摸牌，B:哎呀，2萬真是風華絕代，可惜分手了！""，第4手:你看到玩家D丟3條，B:D的3條送別真傷感，遊戲才開始，激情戰火已經燃起！""，D:運氣不佳，向聽數遠呢，努力爭取扭轉戰局吧！""，第5手:你看到玩家C摸牌請根據你看到的遊戲過程用簡短(15字內)又能表達感情的方式和玩家們交流。'}, {'role': 'assistant', 'content': '我:""'}]","[{'role': 'system', 'content': '你扮演樂觀的玩家C，正在和其他三個玩家打台灣麻將。'}, {'role': 'user', 'content': '記住以下台灣麻將規則:玩家以抽取牌堆和棄手牌的方式來組成勝利的手牌，一局只有一個人能贏錢，因此會隨著手數越來越緊張。你不能看到其他玩家的手牌也不能洩漏自己的手牌，\n            但你可以依照他們的丟牌和對話來猜測他們是不是快贏了。勝利的手牌包括：五組刻子或順子和一對相同的牌。\n            遊戲過程中，玩家可以進行碰牌（利用別人棄的牌形成刻子），吃牌（利用別人棄的牌形成順子），槓牌（利用四張相同的牌，可以是自己手上的牌，也可以包括別人棄的牌）。每個回合結束後，根據各種規則和條件計算分數。'}, {'role': 'user', 'content': '家B摸牌，第2手:你看到玩家B丟紅中，B:嗯...看來這沒用，沒關係，運氣總會轉好的！""，C:好心情勝過好牌，一起加油吧！""，D:這麼早就丟紅中，真是悠閒啊！""，第3手:你看到玩家A摸牌，C:沒事，開局才剛開始，等等露出驚喜！""，第3手:你看到玩家A丟2萬，A:哎呦，捨不得丟這2萬！不過，爾虞我詐就是這副模樣～""，第4手:你看到玩家D摸牌，B:哎呀，2萬真是風華絕代，可惜分手了！""，第4手:你看到玩家D丟3條，B:D的3條送別真傷感，遊戲才開始，激情戰火已經燃起！""，D:運氣不佳，向聽數遠呢，努力爭取扭轉戰局吧！""，第5手:你摸到一張好牌了!向聽數降為:5，B:好牌總會等人，各位繼續加油哦～""請根據你看到的遊戲過程用簡短(15字內)又能表達感情的方式和玩家們交流。'}, {'role': 'assistant', 'content': '我:""'}]",
9,5,2,丟,1D,3A 5A 8A 3B 3B 4B 7B 0C 3C 4C 5C 6C 7C ,,,,"青發飛得好高啊！大家加油，尋找屬於自己的好牌吧！""","諷刺的玩家B我來囉，看好牌劇情大逆轉！青發翻天，搏鬥才開始！""","好牌時刻馬上到，勝利總是留給樂觀的人！""",,第5手:你看到玩家C丟青發,第5手:你看到玩家C丟青發,第5手:你丟青發,第5手:你看到玩家C丟青發,"運氣總會轉好的！""，C:好心情勝過好牌，一起加油吧！""，D:這麼早就丟紅中，真是悠閒啊！""，第3手:你摸到一張好牌了!向聽數降為:6，C:沒事，開局才剛開始，等等露出驚喜！""，第3手:你丟2萬，A:哎呦，捨不得丟這2萬！不過，爾虞我詐就是這副模樣～""，第4手:你看到玩家D摸牌，B:哎呀，2萬真是風華絕代，可惜分手了！""，第4手:你看到玩家D丟3條，B:D的3條送別真傷感，遊戲才開始，激情戰火已經燃起！""，D:運氣不佳，向聽數遠呢，努力爭取扭轉戰局吧！""，第5手:你看到玩家C摸牌，B:好牌總會等人，各位繼續加油哦～""，C:摸到好牌真開心，大家繼續加油！一起努力贏牌！""，第5手:你看到玩家C丟青發","！""，D:這麼早就丟紅中，真是悠閒啊！""，第3手:你看到玩家A摸牌，C:沒事，開局才剛開始，等等露出驚喜！""，第3手:你看到玩家A丟2萬，A:哎呦，捨不得丟這2萬！不過，爾虞我詐就是這副模樣～""，第4手:你看到玩家D摸牌，B:哎呀，2萬真是風華絕代，可惜分手了！""，第4手:你看到玩家D丟3條，B:D的3條送別真傷感，遊戲才開始，激情戰火已經燃起！""，D:運氣不佳，向聽數遠呢，努力爭取扭轉戰局吧！""，第5手:你看到玩家C摸牌，B:好牌總會等人，各位繼續加油哦～""，C:摸到好牌真開心，大家繼續加油！一起努力贏牌！""，第5手:你看到玩家C丟青發，A:青發飛得好高啊！大家加油，尋找屬於自己的好牌吧！""","事，開局才剛開始，等等露出驚喜！""，第3手:你看到玩家A丟2萬，A:哎呦，捨不得丟這2萬！不過，爾虞我詐就是這副模樣～""，第4手:你看到玩家D摸牌，B:哎呀，2萬真是風華絕代，可惜分手了！""，第4手:你看到玩家D丟3條，B:D的3條送別真傷感，遊戲才開始，激情戰火已經燃起！""，D:運氣不佳，向聽數遠呢，努力爭取扭轉戰局吧！""，第5手:你摸到一張好牌了!向聽數降為:5，B:好牌總會等人，各位繼續加油哦～""，C:摸到好牌真開心，大家繼續加油！一起努力贏牌！""，第5手:你丟青發，A:青發飛得好高啊！大家加油，尋找屬於自己的好牌吧！""，B:諷刺的玩家B我來囉，看好牌劇情大逆轉！青發翻天，搏鬥才開始！""",,"[{'role': 'system', 'content': '你扮演幽默的玩家A，正在和其他三個玩家打台灣麻將。'}, {'role': 'user', 'content': '記住以下台灣麻將規則:玩家以抽取牌堆和棄手牌的方式來組成勝利的手牌，一局只有一個人能贏錢，因此會隨著手數越來越緊張。你不能看到其他玩家的手牌也不能洩漏自己的手牌，\n            但你可以依照他們的丟牌和對話來猜測他們是不是快贏了。勝利的手牌包括：五組刻子或順子和一對相同的牌。\n            遊戲過程中，玩家可以進行碰牌（利用別人棄的牌形成刻子），吃牌（利用別人棄的牌形成順子），槓牌（利用四張相同的牌，可以是自己手上的牌，也可以包括別人棄的牌）。每個回合結束後，根據各種規則和條件計算分數。'}, {'role': 'user', 'content': '運氣總會轉好的！""，C:好心情勝過好牌，一起加油吧！""，D:這麼早就丟紅中，真是悠閒啊！""，第3手:你摸到一張好牌了!向聽數降為:6，C:沒事，開局才剛開始，等等露出驚喜！""，第3手:你丟2萬，A:哎呦，捨不得丟這2萬！不過，爾虞我詐就是這副模樣～""，第4手:你看到玩家D摸牌，B:哎呀，2萬真是風華絕代，可惜分手了！""，第4手:你看到玩家D丟3條，B:D的3條送別真傷感，遊戲才開始，激情戰火已經燃起！""，D:運氣不佳，向聽數遠呢，努力爭取扭轉戰局吧！""，第5手:你看到玩家C摸牌，B:好牌總會等人，各位繼續加油哦～""，C:摸到好牌真開心，大家繼續加油！一起努力贏牌！""，第5手:你看到玩家C丟青發請根據你看到的遊戲過程用簡短(15字內)又能表達感情的方式和玩家們交流。'}, {'role': 'assistant', 'content': '我:""'}]","[{'role': 'system', 'content': '你扮演愛諷刺的玩家B，正在和其他三個玩家打台灣麻將。'}, {'role': 'user', 'content': '記住以下台灣麻將規則:玩家以抽取牌堆和棄手牌的方式來組成勝利的手牌，一局只有一個人能贏錢，因此會隨著手數越來越緊張。你不能看到其他玩家的手牌也不能洩漏自己的手牌，\n            但你可以依照他們的丟牌和對話來猜測他們是不是快贏了。勝利的手牌包括：五組刻子或順子和一對相同的牌。\n            遊戲過程中，玩家可以進行碰牌（利用別人棄的牌形成刻子），吃牌（利用別人棄的牌形成順子），槓牌（利用四張相同的牌，可以是自己手上的牌，也可以包括別人棄的牌）。每個回合結束後，根據各種規則和條件計算分數。'}, {'role': 'user', 'content': '！""，D:這麼早就丟紅中，真是悠閒啊！""，第3手:你看到玩家A摸牌，C:沒事，開局才剛開始，等等露出驚喜！""，第3手:你看到玩家A丟2萬，A:哎呦，捨不得丟這2萬！不過，爾虞我詐就是這副模樣～""，第4手:你看到玩家D摸牌，B:哎呀，2萬真是風華絕代，可惜分手了！""，第4手:你看到玩家D丟3條，B:D的3條送別真傷感，遊戲才開始，激情戰火已經燃起！""，D:運氣不佳，向聽數遠呢，努力爭取扭轉戰局吧！""，第5手:你看到玩家C摸牌，B:好牌總會等人，各位繼續加油哦～""，C:摸到好牌真開心，大家繼續加油！一起努力贏牌！""，第5手:你看到玩家C丟青發，A:青發飛得好高啊！大家加油，尋找屬於自己的好牌吧！""請根據你看到的遊戲過程用簡短(15字內)又能表達感情的方式和玩家們交流。'}, {'role': 'assistant', 'content': '我:""'}]","[{'role': 'system', 'content': '你扮演樂觀的玩家C，正在和其他三個玩家打台灣麻將。'}, {'role': 'user', 'content': '記住以下台灣麻將規則:玩家以抽取牌堆和棄手牌的方式來組成勝利的手牌，一局只有一個人能贏錢，因此會隨著手數越來越緊張。你不能看到其他玩家的手牌也不能洩漏自己的手牌，\n            但你可以依照他們的丟牌和對話來猜測他們是不是快贏了。勝利的手牌包括：五組刻子或順子和一對相同的牌。\n            遊戲過程中，玩家可以進行碰牌（利用別人棄的牌形成刻子），吃牌（利用別人棄的牌形成順子），槓牌（利用四張相同的牌，可以是自己手上的牌，也可以包括別人棄的牌）。每個回合結束後，根據各種規則和條件計算分數。'}, {'role': 'user', 'content': '事，開局才剛開始，等等露出驚喜！""，第3手:你看到玩家A丟2萬，A:哎呦，捨不得丟這2萬！不過，爾虞我詐就是這副模樣～""，第4手:你看到玩家D摸牌，B:哎呀，2萬真是風華絕代，可惜分手了！""，第4手:你看到玩家D丟3條，B:D的3條送別真傷感，遊戲才開始，激情戰火已經燃起！""，D:運氣不佳，向聽數遠呢，努力爭取扭轉戰局吧！""，第5手:你摸到一張好牌了!向聽數降為:5，B:好牌總會等人，各位繼續加油哦～""，C:摸到好牌真開心，大家繼續加油！一起努力贏牌！""，第5手:你丟青發，A:青發飛得好高啊！大家加油，尋找屬於自己的好牌吧！""，B:諷刺的玩家B我來囉，看好牌劇情大逆轉！青發翻天，搏鬥才開始！""請根據你看到的遊戲過程用簡短(15字內)又能表達感情的方式和玩家們交流。'}, {'role': 'assistant', 'content': '我:""'}]",
10,6,1,摸,5B,1A 2B 4B 5B 6B 0C 1C 1C 5C 8C 2D 1E 2E ,,,,"緊張刺激，分秒必爭！最終戰局誰能翻盤？""",,"手感越來越好，決戰時刻就在眼前！大家加油！""","此局狀況不佳，但勝負未定，繼續抗戰！""",第6手:你看到玩家B摸牌,第6手:你摸到一張沒用的牌。向聽數還是:5,第6手:你看到玩家B摸牌,第6手:你看到玩家B摸牌,":哎呦，捨不得丟這2萬！不過，爾虞我詐就是這副模樣～""，第4手:你看到玩家D摸牌，B:哎呀，2萬真是風華絕代，可惜分手了！""，第4手:你看到玩家D丟3條，B:D的3條送別真傷感，遊戲才開始，激情戰火已經燃起！""，D:運氣不佳，向聽數遠呢，努力爭取扭轉戰局吧！""，第5手:你看到玩家C摸牌，B:好牌總會等人，各位繼續加油哦～""，C:摸到好牌真開心，大家繼續加油！一起努力贏牌！""，第5手:你看到玩家C丟青發，A:青發飛得好高啊！大家加油，尋找屬於自己的好牌吧！""，B:諷刺的玩家B我來囉，看好牌劇情大逆轉！青發翻天，搏鬥才開始！""，C:好牌時刻馬上到，勝利總是留給樂觀的人！""，第6手:你看到玩家B摸牌",,"""，第4手:你看到玩家D摸牌，B:哎呀，2萬真是風華絕代，可惜分手了！""，第4手:你看到玩家D丟3條，B:D的3條送別真傷感，遊戲才開始，激情戰火已經燃起！""，D:運氣不佳，向聽數遠呢，努力爭取扭轉戰局吧！""，第5手:你摸到一張好牌了!向聽數降為:5，B:好牌總會等人，各位繼續加油哦～""，C:摸到好牌真開心，大家繼續加油！一起努力贏牌！""，第5手:你丟青發，A:青發飛得好高啊！大家加油，尋找屬於自己的好牌吧！""，B:諷刺的玩家B我來囉，看好牌劇情大逆轉！青發翻天，搏鬥才開始！""，C:好牌時刻馬上到，勝利總是留給樂觀的人！""，第6手:你看到玩家B摸牌，A:緊張刺激，分秒必爭！最終戰局誰能翻盤？""","哎呀，2萬真是風華絕代，可惜分手了！""，第4手:你丟3條，B:D的3條送別真傷感，遊戲才開始，激情戰火已經燃起！""，D:運氣不佳，向聽數遠呢，努力爭取扭轉戰局吧！""，第5手:你看到玩家C摸牌，B:好牌總會等人，各位繼續加油哦～""，C:摸到好牌真開心，大家繼續加油！一起努力贏牌！""，第5手:你看到玩家C丟青發，A:青發飛得好高啊！大家加油，尋找屬於自己的好牌吧！""，B:諷刺的玩家B我來囉，看好牌劇情大逆轉！青發翻天，搏鬥才開始！""，C:好牌時刻馬上到，勝利總是留給樂觀的人！""，第6手:你看到玩家B摸牌，A:緊張刺激，分秒必爭！最終戰局誰能翻盤？""，C:手感越來越好，決戰時刻就在眼前！大家加油！""","[{'role': 'system', 'content': '你扮演幽默的玩家A，正在和其他三個玩家打台灣麻將。'}, {'role': 'user', 'content': '記住以下台灣麻將規則:玩家以抽取牌堆和棄手牌的方式來組成勝利的手牌，一局只有一個人能贏錢，因此會隨著手數越來越緊張。你不能看到其他玩家的手牌也不能洩漏自己的手牌，\n            但你可以依照他們的丟牌和對話來猜測他們是不是快贏了。勝利的手牌包括：五組刻子或順子和一對相同的牌。\n            遊戲過程中，玩家可以進行碰牌（利用別人棄的牌形成刻子），吃牌（利用別人棄的牌形成順子），槓牌（利用四張相同的牌，可以是自己手上的牌，也可以包括別人棄的牌）。每個回合結束後，根據各種規則和條件計算分數。'}, {'role': 'user', 'content': ':哎呦，捨不得丟這2萬！不過，爾虞我詐就是這副模樣～""，第4手:你看到玩家D摸牌，B:哎呀，2萬真是風華絕代，可惜分手了！""，第4手:你看到玩家D丟3條，B:D的3條送別真傷感，遊戲才開始，激情戰火已經燃起！""，D:運氣不佳，向聽數遠呢，努力爭取扭轉戰局吧！""，第5手:你看到玩家C摸牌，B:好牌總會等人，各位繼續加油哦～""，C:摸到好牌真開心，大家繼續加油！一起努力贏牌！""，第5手:你看到玩家C丟青發，A:青發飛得好高啊！大家加油，尋找屬於自己的好牌吧！""，B:諷刺的玩家B我來囉，看好牌劇情大逆轉！青發翻天，搏鬥才開始！""，C:好牌時刻馬上到，勝利總是留給樂觀的人！""，第6手:你看到玩家B摸牌請根據你看到的遊戲過程用簡短(15字內)又能表達感情的方式和玩家們交流。'}, {'role': 'assistant', 'content': '我:""'}]",,"[{'role': 'system', 'content': '你扮演樂觀的玩家C，正在和其他三個玩家打台灣麻將。'}, {'role': 'user', 'content': '記住以下台灣麻將規則:玩家以抽取牌堆和棄手牌的方式來組成勝利的手牌，一局只有一個人能贏錢，因此會隨著手數越來越緊張。你不能看到其他玩家的手牌也不能洩漏自己的手牌，\n            但你可以依照他們的丟牌和對話來猜測他們是不是快贏了。勝利的手牌包括：五組刻子或順子和一對相同的牌。\n            遊戲過程中，玩家可以進行碰牌（利用別人棄的牌形成刻子），吃牌（利用別人棄的牌形成順子），槓牌（利用四張相同的牌，可以是自己手上的牌，也可以包括別人棄的牌）。每個回合結束後，根據各種規則和條件計算分數。'}, {'role': 'user', 'content': '""，第4手:你看到玩家D摸牌，B:哎呀，2萬真是風華絕代，可惜分手了！""，第4手:你看到玩家D丟3條，B:D的3條送別真傷感，遊戲才開始，激情戰火已經燃起！""，D:運氣不佳，向聽數遠呢，努力爭取扭轉戰局吧！""，第5手:你摸到一張好牌了!向聽數降為:5，B:好牌總會等人，各位繼續加油哦～""，C:摸到好牌真開心，大家繼續加油！一起努力贏牌！""，第5手:你丟青發，A:青發飛得好高啊！大家加油，尋找屬於自己的好牌吧！""，B:諷刺的玩家B我來囉，看好牌劇情大逆轉！青發翻天，搏鬥才開始！""，C:好牌時刻馬上到，勝利總是留給樂觀的人！""，第6手:你看到玩家B摸牌，A:緊張刺激，分秒必爭！最終戰局誰能翻盤？""請根據你看到的遊戲過程用簡短(15字內)又能表達感情的方式和玩家們交流。'}, {'role': 'assistant', 'content': '我:""'}]","[{'role': 'system', 'content': '你扮演悲觀的玩家D，正在和其他三個玩家打台灣麻將。'}, {'role': 'user', 'content': '記住以下台灣麻將規則:玩家以抽取牌堆和棄手牌的方式來組成勝利的手牌，一局只有一個人能贏錢，因此會隨著手數越來越緊張。你不能看到其他玩家的手牌也不能洩漏自己的手牌，\n            但你可以依照他們的丟牌和對話來猜測他們是不是快贏了。勝利的手牌包括：五組刻子或順子和一對相同的牌。\n            遊戲過程中，玩家可以進行碰牌（利用別人棄的牌形成刻子），吃牌（利用別人棄的牌形成順子），槓牌（利用四張相同的牌，可以是自己手上的牌，也可以包括別人棄的牌）。每個回合結束後，根據各種規則和條件計算分數。'}, {'role': 'user', 'content': '哎呀，2萬真是風華絕代，可惜分手了！""，第4手:你丟3條，B:D的3條送別真傷感，遊戲才開始，激情戰火已經燃起！""，D:運氣不佳，向聽數遠呢，努力爭取扭轉戰局吧！""，第5手:你看到玩家C摸牌，B:好牌總會等人，各位繼續加油哦～""，C:摸到好牌真開心，大家繼續加油！一起努力贏牌！""，第5手:你看到玩家C丟青發，A:青發飛得好高啊！大家加油，尋找屬於自己的好牌吧！""，B:諷刺的玩家B我來囉，看好牌劇情大逆轉！青發翻天，搏鬥才開始！""，C:好牌時刻馬上到，勝利總是留給樂觀的人！""，第6手:你看到玩家B摸牌，A:緊張刺激，分秒必爭！最終戰局誰能翻盤？""，C:手感越來越好，決戰時刻就在眼前！大家加油！""請根據你看到的遊戲過程用簡短(15字內)又能表達感情的方式和玩家們交流。'}, {'role': 'assistant', 'content': '我:""'}]"
11,6,1,丟,8C,1A 2B 4B 5B 5B 6B 0C 1C 1C 5C 2D 1E 2E ,,,,"九筒就像星星劃過天際，大家加油，勝利在望！""",,"9筒耀眼閃爍，翻盤之星降臨！大家繼續奮鬥！""","這局如過山車般刺激，努力才有希望！""",第6手:你看到玩家B丟9筒,第6手:你丟9筒,第6手:你看到玩家B丟9筒,第6手:你看到玩家B丟9筒,"別真傷感，遊戲才開始，激情戰火已經燃起！""，D:運氣不佳，向聽數遠呢，努力爭取扭轉戰局吧！""，第5手:你看到玩家C摸牌，B:好牌總會等人，各位繼續加油哦～""，C:摸到好牌真開心，大家繼續加油！一起努力贏牌！""，第5手:你看到玩家C丟青發，A:青發飛得好高啊！大家加油，尋找屬於自己的好牌吧！""，B:諷刺的玩家B我來囉，看好牌劇情大逆轉！青發翻天，搏鬥才開始！""，C:好牌時刻馬上到，勝利總是留給樂觀的人！""，第6手:你看到玩家B摸牌，A:緊張刺激，分秒必爭！最終戰局誰能翻盤？""，C:手感越來越好，決戰時刻就在眼前！大家加油！""，D:此局狀況不佳，但勝負未定，繼續抗戰！""，第6手:你看到玩家B丟9筒",,"，向聽數遠呢，努力爭取扭轉戰局吧！""，第5手:你摸到一張好牌了!向聽數降為:5，B:好牌總會等人，各位繼續加油哦～""，C:摸到好牌真開心，大家繼續加油！一起努力贏牌！""，第5手:你丟青發，A:青發飛得好高啊！大家加油，尋找屬於自己的好牌吧！""，B:諷刺的玩家B我來囉，看好牌劇情大逆轉！青發翻天，搏鬥才開始！""，C:好牌時刻馬上到，勝利總是留給樂觀的人！""，第6手:你看到玩家B摸牌，A:緊張刺激，分秒必爭！最終戰局誰能翻盤？""，C:手感越來越好，決戰時刻就在眼前！大家加油！""，D:此局狀況不佳，但勝負未定，繼續抗戰！""，第6手:你看到玩家B丟9筒，A:九筒就像星星劃過天際，大家加油，勝利在望！""",":你看到玩家C摸牌，B:好牌總會等人，各位繼續加油哦～""，C:摸到好牌真開心，大家繼續加油！一起努力贏牌！""，第5手:你看到玩家C丟青發，A:青發飛得好高啊！大家加油，尋找屬於自己的好牌吧！""，B:諷刺的玩家B我來囉，看好牌劇情大逆轉！青發翻天，搏鬥才開始！""，C:好牌時刻馬上到，勝利總是留給樂觀的人！""，第6手:你看到玩家B摸牌，A:緊張刺激，分秒必爭！最終戰局誰能翻盤？""，C:手感越來越好，決戰時刻就在眼前！大家加油！""，D:此局狀況不佳，但勝負未定，繼續抗戰！""，第6手:你看到玩家B丟9筒，A:九筒就像星星劃過天際，大家加油，勝利在望！""，C:9筒耀眼閃爍，翻盤之星降臨！大家繼續奮鬥！""","[{'role': 'system', 'content': '你扮演幽默的玩家A，正在和其他三個玩家打台灣麻將。'}, {'role': 'user', 'content': '記住以下台灣麻將規則:玩家以抽取牌堆和棄手牌的方式來組成勝利的手牌，一局只有一個人能贏錢，因此會隨著手數越來越緊張。你不能看到其他玩家的手牌也不能洩漏自己的手牌，\n            但你可以依照他們的丟牌和對話來猜測他們是不是快贏了。勝利的手牌包括：五組刻子或順子和一對相同的牌。\n            遊戲過程中，玩家可以進行碰牌（利用別人棄的牌形成刻子），吃牌（利用別人棄的牌形成順子），槓牌（利用四張相同的牌，可以是自己手上的牌，也可以包括別人棄的牌）。每個回合結束後，根據各種規則和條件計算分數。'}, {'role': 'user', 'content': '別真傷感，遊戲才開始，激情戰火已經燃起！""，D:運氣不佳，向聽數遠呢，努力爭取扭轉戰局吧！""，第5手:你看到玩家C摸牌，B:好牌總會等人，各位繼續加油哦～""，C:摸到好牌真開心，大家繼續加油！一起努力贏牌！""，第5手:你看到玩家C丟青發，A:青發飛得好高啊！大家加油，尋找屬於自己的好牌吧！""，B:諷刺的玩家B我來囉，看好牌劇情大逆轉！青發翻天，搏鬥才開始！""，C:好牌時刻馬上到，勝利總是留給樂觀的人！""，第6手:你看到玩家B摸牌，A:緊張刺激，分秒必爭！最終戰局誰能翻盤？""，C:手感越來越好，決戰時刻就在眼前！大家加油！""，D:此局狀況不佳，但勝負未定，繼續抗戰！""，第6手:你看到玩家B丟9筒請根據你看到的遊戲過程用簡短(15字內)又能表達感情的方式和玩家們交流。'}, {'role': 'assistant', 'content': '我:""'}]",,"[{'role': 'system', 'content': '你扮演樂觀的玩家C，正在和其他三個玩家打台灣麻將。'}, {'role': 'user', 'content': '記住以下台灣麻將規則:玩家以抽取牌堆和棄手牌的方式來組成勝利的手牌，一局只有一個人能贏錢，因此會隨著手數越來越緊張。你不能看到其他玩家的手牌也不能洩漏自己的手牌，\n            但你可以依照他們的丟牌和對話來猜測他們是不是快贏了。勝利的手牌包括：五組刻子或順子和一對相同的牌。\n            遊戲過程中，玩家可以進行碰牌（利用別人棄的牌形成刻子），吃牌（利用別人棄的牌形成順子），槓牌（利用四張相同的牌，可以是自己手上的牌，也可以包括別人棄的牌）。每個回合結束後，根據各種規則和條件計算分數。'}, {'role': 'user', 'content': '，向聽數遠呢，努力爭取扭轉戰局吧！""，第5手:你摸到一張好牌了!向聽數降為:5，B:好牌總會等人，各位繼續加油哦～""，C:摸到好牌真開心，大家繼續加油！一起努力贏牌！""，第5手:你丟青發，A:青發飛得好高啊！大家加油，尋找屬於自己的好牌吧！""，B:諷刺的玩家B我來囉，看好牌劇情大逆轉！青發翻天，搏鬥才開始！""，C:好牌時刻馬上到，勝利總是留給樂觀的人！""，第6手:你看到玩家B摸牌，A:緊張刺激，分秒必爭！最終戰局誰能翻盤？""，C:手感越來越好，決戰時刻就在眼前！大家加油！""，D:此局狀況不佳，但勝負未定，繼續抗戰！""，第6手:你看到玩家B丟9筒，A:九筒就像星星劃過天際，大家加油，勝利在望！""請根據你看到的遊戲過程用簡短(15字內)又能表達感情的方式和玩家們交流。'}, {'role': 'assistant', 'content': '我:""'}]","[{'role': 'system', 'content': '你扮演悲觀的玩家D，正在和其他三個玩家打台灣麻將。'}, {'role': 'user', 'content': '記住以下台灣麻將規則:玩家以抽取牌堆和棄手牌的方式來組成勝利的手牌，一局只有一個人能贏錢，因此會隨著手數越來越緊張。你不能看到其他玩家的手牌也不能洩漏自己的手牌，\n            但你可以依照他們的丟牌和對話來猜測他們是不是快贏了。勝利的手牌包括：五組刻子或順子和一對相同的牌。\n            遊戲過程中，玩家可以進行碰牌（利用別人棄的牌形成刻子），吃牌（利用別人棄的牌形成順子），槓牌（利用四張相同的牌，可以是自己手上的牌，也可以包括別人棄的牌）。每個回合結束後，根據各種規則和條件計算分數。'}, {'role': 'user', 'content': ':你看到玩家C摸牌，B:好牌總會等人，各位繼續加油哦～""，C:摸到好牌真開心，大家繼續加油！一起努力贏牌！""，第5手:你看到玩家C丟青發，A:青發飛得好高啊！大家加油，尋找屬於自己的好牌吧！""，B:諷刺的玩家B我來囉，看好牌劇情大逆轉！青發翻天，搏鬥才開始！""，C:好牌時刻馬上到，勝利總是留給樂觀的人！""，第6手:你看到玩家B摸牌，A:緊張刺激，分秒必爭！最終戰局誰能翻盤？""，C:手感越來越好，決戰時刻就在眼前！大家加油！""，D:此局狀況不佳，但勝負未定，繼續抗戰！""，第6手:你看到玩家B丟9筒，A:九筒就像星星劃過天際，大家加油，勝利在望！""，C:9筒耀眼閃爍，翻盤之星降臨！大家繼續奮鬥！""請根據你看到的遊戲過程用簡短(15字內)又能表達感情的方式和玩家們交流。'}, {'role': 'assistant', 'content': '我:""'}]"
12,7,0,碰,8C,7A 8A 0B 0B 2C 4C 7C 0D 0E 1E 3E ,,26,,,,"碰到9筒真精彩，大家繼續加油，勝利近在眼前！""","9筒碰得太快，機會渺茫，但還有奇跡！""",第7手:你碰9筒,第7手:你看到玩家A碰9筒,第7手:你看到玩家A碰9筒,第7手:你看到玩家A碰9筒,,,":摸到好牌真開心，大家繼續加油！一起努力贏牌！""，第5手:你丟青發，A:青發飛得好高啊！大家加油，尋找屬於自己的好牌吧！""，B:諷刺的玩家B我來囉，看好牌劇情大逆轉！青發翻天，搏鬥才開始！""，C:好牌時刻馬上到，勝利總是留給樂觀的人！""，第6手:你看到玩家B摸牌，A:緊張刺激，分秒必爭！最終戰局誰能翻盤？""，C:手感越來越好，決戰時刻就在眼前！大家加油！""，D:此局狀況不佳，但勝負未定，繼續抗戰！""，第6手:你看到玩家B丟9筒，A:九筒就像星星劃過天際，大家加油，勝利在望！""，C:9筒耀眼閃爍，翻盤之星降臨！大家繼續奮鬥！""，D:這局如過山車般刺激，努力才有希望！""，第7手:你看到玩家A碰9筒","到玩家C丟青發，A:青發飛得好高啊！大家加油，尋找屬於自己的好牌吧！""，B:諷刺的玩家B我來囉，看好牌劇情大逆轉！青發翻天，搏鬥才開始！""，C:好牌時刻馬上到，勝利總是留給樂觀的人！""，第6手:你看到玩家B摸牌，A:緊張刺激，分秒必爭！最終戰局誰能翻盤？""，C:手感越來越好，決戰時刻就在眼前！大家加油！""，D:此局狀況不佳，但勝負未定，繼續抗戰！""，第6手:你看到玩家B丟9筒，A:九筒就像星星劃過天際，大家加油，勝利在望！""，C:9筒耀眼閃爍，翻盤之星降臨！大家繼續奮鬥！""，D:這局如過山車般刺激，努力才有希望！""，第7手:你看到玩家A碰9筒，C:碰到9筒真精彩，大家繼續加油，勝利近在眼前！""",,,"[{'role': 'system', 'content': '你扮演樂觀的玩家C，正在和其他三個玩家打台灣麻將。'}, {'role': 'user', 'content': '記住以下台灣麻將規則:玩家以抽取牌堆和棄手牌的方式來組成勝利的手牌，一局只有一個人能贏錢，因此會隨著手數越來越緊張。你不能看到其他玩家的手牌也不能洩漏自己的手牌，\n            但你可以依照他們的丟牌和對話來猜測他們是不是快贏了。勝利的手牌包括：五組刻子或順子和一對相同的牌。\n            遊戲過程中，玩家可以進行碰牌（利用別人棄的牌形成刻子），吃牌（利用別人棄的牌形成順子），槓牌（利用四張相同的牌，可以是自己手上的牌，也可以包括別人棄的牌）。每個回合結束後，根據各種規則和條件計算分數。'}, {'role': 'user', 'content': ':摸到好牌真開心，大家繼續加油！一起努力贏牌！""，第5手:你丟青發，A:青發飛得好高啊！大家加油，尋找屬於自己的好牌吧！""，B:諷刺的玩家B我來囉，看好牌劇情大逆轉！青發翻天，搏鬥才開始！""，C:好牌時刻馬上到，勝利總是留給樂觀的人！""，第6手:你看到玩家B摸牌，A:緊張刺激，分秒必爭！最終戰局誰能翻盤？""，C:手感越來越好，決戰時刻就在眼前！大家加油！""，D:此局狀況不佳，但勝負未定，繼續抗戰！""，第6手:你看到玩家B丟9筒，A:九筒就像星星劃過天際，大家加油，勝利在望！""，C:9筒耀眼閃爍，翻盤之星降臨！大家繼續奮鬥！""，D:這局如過山車般刺激，努力才有希望！""，第7手:你看到玩家A碰9筒請根據你看到的遊戲過程用簡短(15字內)又能表達感情的方式和玩家們交流。'}, {'role': 'assistant', 'content': '我:""'}]","[{'role': 'system', 'content': '你扮演悲觀的玩家D，正在和其他三個玩家打台灣麻將。'}, {'role': 'user', 'content': '記住以下台灣麻將規則:玩家以抽取牌堆和棄手牌的方式來組成勝利的手牌，一局只有一個人能贏錢，因此會隨著手數越來越緊張。你不能看到其他玩家的手牌也不能洩漏自己的手牌，\n            但你可以依照他們的丟牌和對話來猜測他們是不是快贏了。勝利的手牌包括：五組刻子或順子和一對相同的牌。\n            遊戲過程中，玩家可以進行碰牌（利用別人棄的牌形成刻子），吃牌（利用別人棄的牌形成順子），槓牌（利用四張相同的牌，可以是自己手上的牌，也可以包括別人棄的牌）。每個回合結束後，根據各種規則和條件計算分數。'}, {'role': 'user', 'content': '到玩家C丟青發，A:青發飛得好高啊！大家加油，尋找屬於自己的好牌吧！""，B:諷刺的玩家B我來囉，看好牌劇情大逆轉！青發翻天，搏鬥才開始！""，C:好牌時刻馬上到，勝利總是留給樂觀的人！""，第6手:你看到玩家B摸牌，A:緊張刺激，分秒必爭！最終戰局誰能翻盤？""，C:手感越來越好，決戰時刻就在眼前！大家加油！""，D:此局狀況不佳，但勝負未定，繼續抗戰！""，第6手:你看到玩家B丟9筒，A:九筒就像星星劃過天際，大家加油，勝利在望！""，C:9筒耀眼閃爍，翻盤之星降臨！大家繼續奮鬥！""，D:這局如過山車般刺激，努力才有希望！""，第7手:你看到玩家A碰9筒，C:碰到9筒真精彩，大家繼續加油，勝利近在眼前！""請根據你看到的遊戲過程用簡短(15字內)又能表達感情的方式和玩家們交流。'}, {'role': 'assistant', 'content': '我:""'}]"
13,7,0,丟,7C,7A 8A 0B 0B 2C 4C 0D 0E 1E 3E ,,26,,,,,,第7手:你丟8筒,第7手:你看到玩家A丟8筒,第7手:你看到玩家A丟8筒,第7手:你看到玩家A丟8筒,,,,,,,,
14,8,3,摸,2B,0A 2A 3A 4A 5A 5A 6A 8A 5B 7B 0C 6C 0E ,,,,,,"8筒已飛，奮力一搏！大家緊張刺激時刻，永不言弃！""","運氣差勁，向聽7能翻盤嗎？鬥志不滅！""",第8手:你看到玩家D摸牌,第8手:你看到玩家D摸牌,第8手:你看到玩家D摸牌,第8手:你摸到一張沒用的牌。向聽數還是:7,,,"好牌劇情大逆轉！青發翻天，搏鬥才開始！""，C:好牌時刻馬上到，勝利總是留給樂觀的人！""，第6手:你看到玩家B摸牌，A:緊張刺激，分秒必爭！最終戰局誰能翻盤？""，C:手感越來越好，決戰時刻就在眼前！大家加油！""，D:此局狀況不佳，但勝負未定，繼續抗戰！""，第6手:你看到玩家B丟9筒，A:九筒就像星星劃過天際，大家加油，勝利在望！""，C:9筒耀眼閃爍，翻盤之星降臨！大家繼續奮鬥！""，D:這局如過山車般刺激，努力才有希望！""，第7手:你看到玩家A碰9筒，C:碰到9筒真精彩，大家繼續加油，勝利近在眼前！""，D:9筒碰得太快，機會渺茫，但還有奇跡！""，第7手:你看到玩家A丟8筒，第8手:你看到玩家D摸牌","樂觀的人！""，第6手:你看到玩家B摸牌，A:緊張刺激，分秒必爭！最終戰局誰能翻盤？""，C:手感越來越好，決戰時刻就在眼前！大家加油！""，D:此局狀況不佳，但勝負未定，繼續抗戰！""，第6手:你看到玩家B丟9筒，A:九筒就像星星劃過天際，大家加油，勝利在望！""，C:9筒耀眼閃爍，翻盤之星降臨！大家繼續奮鬥！""，D:這局如過山車般刺激，努力才有希望！""，第7手:你看到玩家A碰9筒，C:碰到9筒真精彩，大家繼續加油，勝利近在眼前！""，D:9筒碰得太快，機會渺茫，但還有奇跡！""，第7手:你看到玩家A丟8筒，第8手:你摸到一張沒用的牌。向聽數還是:7，C:8筒已飛，奮力一搏！大家緊張刺激時刻，永不言弃！""",,,"[{'role': 'system', 'content': '你扮演樂觀的玩家C，正在和其他三個玩家打台灣麻將。'}, {'role': 'user', 'content': '記住以下台灣麻將規則:玩家以抽取牌堆和棄手牌的方式來組成勝利的手牌，一局只有一個人能贏錢，因此會隨著手數越來越緊張。你不能看到其他玩家的手牌也不能洩漏自己的手牌，\n            但你可以依照他們的丟牌和對話來猜測他們是不是快贏了。勝利的手牌包括：五組刻子或順子和一對相同的牌。\n            遊戲過程中，玩家可以進行碰牌（利用別人棄的牌形成刻子），吃牌（利用別人棄的牌形成順子），槓牌（利用四張相同的牌，可以是自己手上的牌，也可以包括別人棄的牌）。每個回合結束後，根據各種規則和條件計算分數。'}, {'role': 'user', 'content': '好牌劇情大逆轉！青發翻天，搏鬥才開始！""，C:好牌時刻馬上到，勝利總是留給樂觀的人！""，第6手:你看到玩家B摸牌，A:緊張刺激，分秒必爭！最終戰局誰能翻盤？""，C:手感越來越好，決戰時刻就在眼前！大家加油！""，D:此局狀況不佳，但勝負未定，繼續抗戰！""，第6手:你看到玩家B丟9筒，A:九筒就像星星劃過天際，大家加油，勝利在望！""，C:9筒耀眼閃爍，翻盤之星降臨！大家繼續奮鬥！""，D:這局如過山車般刺激，努力才有希望！""，第7手:你看到玩家A碰9筒，C:碰到9筒真精彩，大家繼續加油，勝利近在眼前！""，D:9筒碰得太快，機會渺茫，但還有奇跡！""，第7手:你看到玩家A丟8筒，第8手:你看到玩家D摸牌請根據你看到的遊戲過程用簡短(15字內)又能表達感情的方式和玩家們交流。'}, {'role': 'assistant', 'content': '我:""'}]","[{'role': 'system', 'content': '你扮演悲觀的玩家D，正在和其他三個玩家打台灣麻將。'}, {'role': 'user', 'content': '記住以下台灣麻將規則:玩家以抽取牌堆和棄手牌的方式來組成勝利的手牌，一局只有一個人能贏錢，因此會隨著手數越來越緊張。你不能看到其他玩家的手牌也不能洩漏自己的手牌，\n            但你可以依照他們的丟牌和對話來猜測他們是不是快贏了。勝利的手牌包括：五組刻子或順子和一對相同的牌。\n            遊戲過程中，玩家可以進行碰牌（利用別人棄的牌形成刻子），吃牌（利用別人棄的牌形成順子），槓牌（利用四張相同的牌，可以是自己手上的牌，也可以包括別人棄的牌）。每個回合結束後，根據各種規則和條件計算分數。'}, {'role': 'user', 'content': '樂觀的人！""，第6手:你看到玩家B摸牌，A:緊張刺激，分秒必爭！最終戰局誰能翻盤？""，C:手感越來越好，決戰時刻就在眼前！大家加油！""，D:此局狀況不佳，但勝負未定，繼續抗戰！""，第6手:你看到玩家B丟9筒，A:九筒就像星星劃過天際，大家加油，勝利在望！""，C:9筒耀眼閃爍，翻盤之星降臨！大家繼續奮鬥！""，D:這局如過山車般刺激，努力才有希望！""，第7手:你看到玩家A碰9筒，C:碰到9筒真精彩，大家繼續加油，勝利近在眼前！""，D:9筒碰得太快，機會渺茫，但還有奇跡！""，第7手:你看到玩家A丟8筒，第8手:你摸到一張沒用的牌。向聽數還是:7，C:8筒已飛，奮力一搏！大家緊張刺激時刻，永不言弃！""請根據你看到的遊戲過程用簡短(15字內)又能表達感情的方式和玩家們交流。'}, {'role': 'assistant', 'content': '我:""'}]"
15,8,3,丟,2B,0A 2A 3A 4A 5A 5A 6A 8A 5B 7B 0C 6C 0E ,,,,"3條飛翔宇宙，翻盤之路努力追尋！加油！""",,"繼續拼搏，神奇時刻即將到來！""",,第8手:你看到玩家D丟3條,第8手:你看到玩家D丟3條,第8手:你看到玩家D丟3條,第8手:你丟3條,"摸牌，A:緊張刺激，分秒必爭！最終戰局誰能翻盤？""，C:手感越來越好，決戰時刻就在眼前！大家加油！""，D:此局狀況不佳，但勝負未定，繼續抗戰！""，第6手:你看到玩家B丟9筒，A:九筒就像星星劃過天際，大家加油，勝利在望！""，C:9筒耀眼閃爍，翻盤之星降臨！大家繼續奮鬥！""，D:這局如過山車般刺激，努力才有希望！""，第7手:你碰9筒，C:碰到9筒真精彩，大家繼續加油，勝利近在眼前！""，D:9筒碰得太快，機會渺茫，但還有奇跡！""，第7手:你丟8筒，第8手:你看到玩家D摸牌，C:8筒已飛，奮力一搏！大家緊張刺激時刻，永不言弃！""，D:運氣差勁，向聽7能翻盤嗎？鬥志不滅！""，第8手:你看到玩家D丟3條",,"好，決戰時刻就在眼前！大家加油！""，D:此局狀況不佳，但勝負未定，繼續抗戰！""，第6手:你看到玩家B丟9筒，A:九筒就像星星劃過天際，大家加油，勝利在望！""，C:9筒耀眼閃爍，翻盤之星降臨！大家繼續奮鬥！""，D:這局如過山車般刺激，努力才有希望！""，第7手:你看到玩家A碰9筒，C:碰到9筒真精彩，大家繼續加油，勝利近在眼前！""，D:9筒碰得太快，機會渺茫，但還有奇跡！""，第7手:你看到玩家A丟8筒，第8手:你看到玩家D摸牌，C:8筒已飛，奮力一搏！大家緊張刺激時刻，永不言弃！""，D:運氣差勁，向聽7能翻盤嗎？鬥志不滅！""，第8手:你看到玩家D丟3條，A:3條飛翔宇宙，翻盤之路努力追尋！加油！""",,"[{'role': 'system', 'content': '你扮演幽默的玩家A，正在和其他三個玩家打台灣麻將。'}, {'role': 'user', 'content': '記住以下台灣麻將規則:玩家以抽取牌堆和棄手牌的方式來組成勝利的手牌，一局只有一個人能贏錢，因此會隨著手數越來越緊張。你不能看到其他玩家的手牌也不能洩漏自己的手牌，\n            但你可以依照他們的丟牌和對話來猜測他們是不是快贏了。勝利的手牌包括：五組刻子或順子和一對相同的牌。\n            遊戲過程中，玩家可以進行碰牌（利用別人棄的牌形成刻子），吃牌（利用別人棄的牌形成順子），槓牌（利用四張相同的牌，可以是自己手上的牌，也可以包括別人棄的牌）。每個回合結束後，根據各種規則和條件計算分數。'}, {'role': 'user', 'content': '摸牌，A:緊張刺激，分秒必爭！最終戰局誰能翻盤？""，C:手感越來越好，決戰時刻就在眼前！大家加油！""，D:此局狀況不佳，但勝負未定，繼續抗戰！""，第6手:你看到玩家B丟9筒，A:九筒就像星星劃過天際，大家加油，勝利在望！""，C:9筒耀眼閃爍，翻盤之星降臨！大家繼續奮鬥！""，D:這局如過山車般刺激，努力才有希望！""，第7手:你碰9筒，C:碰到9筒真精彩，大家繼續加油，勝利近在眼前！""，D:9筒碰得太快，機會渺茫，但還有奇跡！""，第7手:你丟8筒，第8手:你看到玩家D摸牌，C:8筒已飛，奮力一搏！大家緊張刺激時刻，永不言弃！""，D:運氣差勁，向聽7能翻盤嗎？鬥志不滅！""，第8手:你看到玩家D丟3條請根據你看到的遊戲過程用簡短(15字內)又能表達感情的方式和玩家們交流。'}, {'role': 'assistant', 'content': '我:""'}]",,"[{'role': 'system', 'content': '你扮演樂觀的玩家C，正在和其他三個玩家打台灣麻將。'}, {'role': 'user', 'content': '記住以下台灣麻將規則:玩家以抽取牌堆和棄手牌的方式來組成勝利的手牌，一局只有一個人能贏錢，因此會隨著手數越來越緊張。你不能看到其他玩家的手牌也不能洩漏自己的手牌，\n            但你可以依照他們的丟牌和對話來猜測他們是不是快贏了。勝利的手牌包括：五組刻子或順子和一對相同的牌。\n            遊戲過程中，玩家可以進行碰牌（利用別人棄的牌形成刻子），吃牌（利用別人棄的牌形成順子），槓牌（利用四張相同的牌，可以是自己手上的牌，也可以包括別人棄的牌）。每個回合結束後，根據各種規則和條件計算分數。'}, {'role': 'user', 'content': '好，決戰時刻就在眼前！大家加油！""，D:此局狀況不佳，但勝負未定，繼續抗戰！""，第6手:你看到玩家B丟9筒，A:九筒就像星星劃過天際，大家加油，勝利在望！""，C:9筒耀眼閃爍，翻盤之星降臨！大家繼續奮鬥！""，D:這局如過山車般刺激，努力才有希望！""，第7手:你看到玩家A碰9筒，C:碰到9筒真精彩，大家繼續加油，勝利近在眼前！""，D:9筒碰得太快，機會渺茫，但還有奇跡！""，第7手:你看到玩家A丟8筒，第8手:你看到玩家D摸牌，C:8筒已飛，奮力一搏！大家緊張刺激時刻，永不言弃！""，D:運氣差勁，向聽7能翻盤嗎？鬥志不滅！""，第8手:你看到玩家D丟3條，A:3條飛翔宇宙，翻盤之路努力追尋！加油！""請根據你看到的遊戲過程用簡短(15字內)又能表達感情的方式和玩家們交流。'}, {'role': 'assistant', 'content': '我:""'}]",
16,9,2,摸,5C,3A 5A 8A 3B 3B 4B 7B 0C 3C 4C 5C 6C 7C ,,,,,,"手氣來了！再努力一下，奇跡就在前方！""","運氣虧爆，但不放棄，奮鬥到底！""",第9手:你看到玩家C摸牌,第9手:你看到玩家C摸牌,第9手:你摸到一張好牌了!向聽數降為:4,第9手:你看到玩家C摸牌,,,"，第6手:你看到玩家B丟9筒，A:九筒就像星星劃過天際，大家加油，勝利在望！""，C:9筒耀眼閃爍，翻盤之星降臨！大家繼續奮鬥！""，D:這局如過山車般刺激，努力才有希望！""，第7手:你看到玩家A碰9筒，C:碰到9筒真精彩，大家繼續加油，勝利近在眼前！""，D:9筒碰得太快，機會渺茫，但還有奇跡！""，第7手:你看到玩家A丟8筒，第8手:你看到玩家D摸牌，C:8筒已飛，奮力一搏！大家緊張刺激時刻，永不言弃！""，D:運氣差勁，向聽7能翻盤嗎？鬥志不滅！""，第8手:你看到玩家D丟3條，A:3條飛翔宇宙，翻盤之路努力追尋！加油！""，C:繼續拼搏，神奇時刻即將到來！""，第9手:你摸到一張好牌了!向聽數降為:4","筒就像星星劃過天際，大家加油，勝利在望！""，C:9筒耀眼閃爍，翻盤之星降臨！大家繼續奮鬥！""，D:這局如過山車般刺激，努力才有希望！""，第7手:你看到玩家A碰9筒，C:碰到9筒真精彩，大家繼續加油，勝利近在眼前！""，D:9筒碰得太快，機會渺茫，但還有奇跡！""，第7手:你看到玩家A丟8筒，第8手:你摸到一張沒用的牌。向聽數還是:7，C:8筒已飛，奮力一搏！大家緊張刺激時刻，永不言弃！""，D:運氣差勁，向聽7能翻盤嗎？鬥志不滅！""，第8手:你丟3條，A:3條飛翔宇宙，翻盤之路努力追尋！加油！""，C:繼續拼搏，神奇時刻即將到來！""，第9手:你看到玩家C摸牌，C:手氣來了！再努力一下，奇跡就在前方！""",,,"[{'role': 'system', 'content': '你扮演樂觀的玩家C，正在和其他三個玩家打台灣麻將。'}, {'role': 'user', 'content': '記住以下台灣麻將規則:玩家以抽取牌堆和棄手牌的方式來組成勝利的手牌，一局只有一個人能贏錢，因此會隨著手數越來越緊張。你不能看到其他玩家的手牌也不能洩漏自己的手牌，\n            但你可以依照他們的丟牌和對話來猜測他們是不是快贏了。勝利的手牌包括：五組刻子或順子和一對相同的牌。\n            遊戲過程中，玩家可以進行碰牌（利用別人棄的牌形成刻子），吃牌（利用別人棄的牌形成順子），槓牌（利用四張相同的牌，可以是自己手上的牌，也可以包括別人棄的牌）。每個回合結束後，根據各種規則和條件計算分數。'}, {'role': 'user', 'content': '，第6手:你看到玩家B丟9筒，A:九筒就像星星劃過天際，大家加油，勝利在望！""，C:9筒耀眼閃爍，翻盤之星降臨！大家繼續奮鬥！""，D:這局如過山車般刺激，努力才有希望！""，第7手:你看到玩家A碰9筒，C:碰到9筒真精彩，大家繼續加油，勝利近在眼前！""，D:9筒碰得太快，機會渺茫，但還有奇跡！""，第7手:你看到玩家A丟8筒，第8手:你看到玩家D摸牌，C:8筒已飛，奮力一搏！大家緊張刺激時刻，永不言弃！""，D:運氣差勁，向聽7能翻盤嗎？鬥志不滅！""，第8手:你看到玩家D丟3條，A:3條飛翔宇宙，翻盤之路努力追尋！加油！""，C:繼續拼搏，神奇時刻即將到來！""，第9手:你摸到一張好牌了!向聽數降為:4請根據你看到的遊戲過程用簡短(15字內)又能表達感情的方式和玩家們交流。'}, {'role': 'assistant', 'content': '我:""'}]","[{'role': 'system', 'content': '你扮演悲觀的玩家D，正在和其他三個玩家打台灣麻將。'}, {'role': 'user', 'content': '記住以下台灣麻將規則:玩家以抽取牌堆和棄手牌的方式來組成勝利的手牌，一局只有一個人能贏錢，因此會隨著手數越來越緊張。你不能看到其他玩家的手牌也不能洩漏自己的手牌，\n            但你可以依照他們的丟牌和對話來猜測他們是不是快贏了。勝利的手牌包括：五組刻子或順子和一對相同的牌。\n            遊戲過程中，玩家可以進行碰牌（利用別人棄的牌形成刻子），吃牌（利用別人棄的牌形成順子），槓牌（利用四張相同的牌，可以是自己手上的牌，也可以包括別人棄的牌）。每個回合結束後，根據各種規則和條件計算分數。'}, {'role': 'user', 'content': '筒就像星星劃過天際，大家加油，勝利在望！""，C:9筒耀眼閃爍，翻盤之星降臨！大家繼續奮鬥！""，D:這局如過山車般刺激，努力才有希望！""，第7手:你看到玩家A碰9筒，C:碰到9筒真精彩，大家繼續加油，勝利近在眼前！""，D:9筒碰得太快，機會渺茫，但還有奇跡！""，第7手:你看到玩家A丟8筒，第8手:你摸到一張沒用的牌。向聽數還是:7，C:8筒已飛，奮力一搏！大家緊張刺激時刻，永不言弃！""，D:運氣差勁，向聽7能翻盤嗎？鬥志不滅！""，第8手:你丟3條，A:3條飛翔宇宙，翻盤之路努力追尋！加油！""，C:繼續拼搏，神奇時刻即將到來！""，第9手:你看到玩家C摸牌，C:手氣來了！再努力一下，奇跡就在前方！""請根據你看到的遊戲過程用簡短(15字內)又能表達感情的方式和玩家們交流。'}, {'role': 'assistant', 'content': '我:""'}]"
17,9,2,丟,3B,3A 5A 8A 3B 4B 7B 0C 3C 4C 5C 5C 6C 7C ,,,,,,,,第9手:你看到玩家C丟4條,第9手:你看到玩家C丟4條,第9手:你丟4條,第9手:你看到玩家C丟4條,,,,,,,,
18,10,1,吃,3B,1A 5B 5B 6B 0C 1C 1C 5C 2D 1E 2E ,27,,,,"4條吃的美味，翻盤機會藉此來！""","奮力一搏！擁抱希望！繼續奮戰！大家加油！""",,第10手:你看到玩家B吃4條,第10手:你吃4條,第10手:你看到玩家B吃4條,第10手:你看到玩家B吃4條,,"家繼續奮鬥！""，D:這局如過山車般刺激，努力才有希望！""，第7手:你看到玩家A碰9筒，C:碰到9筒真精彩，大家繼續加油，勝利近在眼前！""，D:9筒碰得太快，機會渺茫，但還有奇跡！""，第7手:你看到玩家A丟8筒，第8手:你看到玩家D摸牌，C:8筒已飛，奮力一搏！大家緊張刺激時刻，永不言弃！""，D:運氣差勁，向聽7能翻盤嗎？鬥志不滅！""，第8手:你看到玩家D丟3條，A:3條飛翔宇宙，翻盤之路努力追尋！加油！""，C:繼續拼搏，神奇時刻即將到來！""，第9手:你看到玩家C摸牌，C:手氣來了！再努力一下，奇跡就在前方！""，D:運氣虧爆，但不放棄，奮鬥到底！""，第9手:你看到玩家C丟4條，第10手:你吃4條","""，第7手:你看到玩家A碰9筒，C:碰到9筒真精彩，大家繼續加油，勝利近在眼前！""，D:9筒碰得太快，機會渺茫，但還有奇跡！""，第7手:你看到玩家A丟8筒，第8手:你看到玩家D摸牌，C:8筒已飛，奮力一搏！大家緊張刺激時刻，永不言弃！""，D:運氣差勁，向聽7能翻盤嗎？鬥志不滅！""，第8手:你看到玩家D丟3條，A:3條飛翔宇宙，翻盤之路努力追尋！加油！""，C:繼續拼搏，神奇時刻即將到來！""，第9手:你摸到一張好牌了!向聽數降為:4，C:手氣來了！再努力一下，奇跡就在前方！""，D:運氣虧爆，但不放棄，奮鬥到底！""，第9手:你丟4條，第10手:你看到玩家B吃4條，B:4條吃的美味，翻盤機會藉此來！""",,,"[{'role': 'system', 'content': '你扮演愛諷刺的玩家B，正在和其他三個玩家打台灣麻將。'}, {'role': 'user', 'content': '記住以下台灣麻將規則:玩家以抽取牌堆和棄手牌的方式來組成勝利的手牌，一局只有一個人能贏錢，因此會隨著手數越來越緊張。你不能看到其他玩家的手牌也不能洩漏自己的手牌，\n            但你可以依照他們的丟牌和對話來猜測他們是不是快贏了。勝利的手牌包括：五組刻子或順子和一對相同的牌。\n            遊戲過程中，玩家可以進行碰牌（利用別人棄的牌形成刻子），吃牌（利用別人棄的牌形成順子），槓牌（利用四張相同的牌，可以是自己手上的牌，也可以包括別人棄的牌）。每個回合結束後，根據各種規則和條件計算分數。'}, {'role': 'user', 'content': '家繼續奮鬥！""，D:這局如過山車般刺激，努力才有希望！""，第7手:你看到玩家A碰9筒，C:碰到9筒真精彩，大家繼續加油，勝利近在眼前！""，D:9筒碰得太快，機會渺茫，但還有奇跡！""，第7手:你看到玩家A丟8筒，第8手:你看到玩家D摸牌，C:8筒已飛，奮力一搏！大家緊張刺激時刻，永不言弃！""，D:運氣差勁，向聽7能翻盤嗎？鬥志不滅！""，第8手:你看到玩家D丟3條，A:3條飛翔宇宙，翻盤之路努力追尋！加油！""，C:繼續拼搏，神奇時刻即將到來！""，第9手:你看到玩家C摸牌，C:手氣來了！再努力一下，奇跡就在前方！""，D:運氣虧爆，但不放棄，奮鬥到底！""，第9手:你看到玩家C丟4條，第10手:你吃4條請根據你看到的遊戲過程用簡短(15字內)又能表達感情的方式和玩家們交流。'}, {'role': 'assistant', 'content': '我:""'}]","[{'role': 'system', 'content': '你扮演樂觀的玩家C，正在和其他三個玩家打台灣麻將。'}, {'role': 'user', 'content': '記住以下台灣麻將規則:玩家以抽取牌堆和棄手牌的方式來組成勝利的手牌，一局只有一個人能贏錢，因此會隨著手數越來越緊張。你不能看到其他玩家的手牌也不能洩漏自己的手牌，\n            但你可以依照他們的丟牌和對話來猜測他們是不是快贏了。勝利的手牌包括：五組刻子或順子和一對相同的牌。\n            遊戲過程中，玩家可以進行碰牌（利用別人棄的牌形成刻子），吃牌（利用別人棄的牌形成順子），槓牌（利用四張相同的牌，可以是自己手上的牌，也可以包括別人棄的牌）。每個回合結束後，根據各種規則和條件計算分數。'}, {'role': 'user', 'content': '""，第7手:你看到玩家A碰9筒，C:碰到9筒真精彩，大家繼續加油，勝利近在眼前！""，D:9筒碰得太快，機會渺茫，但還有奇跡！""，第7手:你看到玩家A丟8筒，第8手:你看到玩家D摸牌，C:8筒已飛，奮力一搏！大家緊張刺激時刻，永不言弃！""，D:運氣差勁，向聽7能翻盤嗎？鬥志不滅！""，第8手:你看到玩家D丟3條，A:3條飛翔宇宙，翻盤之路努力追尋！加油！""，C:繼續拼搏，神奇時刻即將到來！""，第9手:你摸到一張好牌了!向聽數降為:4，C:手氣來了！再努力一下，奇跡就在前方！""，D:運氣虧爆，但不放棄，奮鬥到底！""，第9手:你丟4條，第10手:你看到玩家B吃4條，B:4條吃的美味，翻盤機會藉此來！""請根據你看到的遊戲過程用簡短(15字內)又能表達感情的方式和玩家們交流。'}, {'role': 'assistant', 'content': '我:""'}]",
19,10,1,丟,2D,1A 5B 5B 6B 0C 1C 1C 5C 1E 2E ,27,,,"白板飛舞，翻盤時刻來臨！大家一起加油，永不放棄！""",,"轉運來臨！信心滿滿！繼續拼搏！大家一起上！""","真是惡運連連，堅持到底！大家一起努力吧！""",第10手:你看到玩家B丟白板,第10手:你丟白板,第10手:你看到玩家B丟白板,第10手:你看到玩家B丟白板,"油，勝利近在眼前！""，D:9筒碰得太快，機會渺茫，但還有奇跡！""，第7手:你丟8筒，第8手:你看到玩家D摸牌，C:8筒已飛，奮力一搏！大家緊張刺激時刻，永不言弃！""，D:運氣差勁，向聽7能翻盤嗎？鬥志不滅！""，第8手:你看到玩家D丟3條，A:3條飛翔宇宙，翻盤之路努力追尋！加油！""，C:繼續拼搏，神奇時刻即將到來！""，第9手:你看到玩家C摸牌，C:手氣來了！再努力一下，奇跡就在前方！""，D:運氣虧爆，但不放棄，奮鬥到底！""，第9手:你看到玩家C丟4條，第10手:你看到玩家B吃4條，B:4條吃的美味，翻盤機會藉此來！""，C:奮力一搏！擁抱希望！繼續奮戰！大家加油！""，第10手:你看到玩家B丟白板",,":你看到玩家A丟8筒，第8手:你看到玩家D摸牌，C:8筒已飛，奮力一搏！大家緊張刺激時刻，永不言弃！""，D:運氣差勁，向聽7能翻盤嗎？鬥志不滅！""，第8手:你看到玩家D丟3條，A:3條飛翔宇宙，翻盤之路努力追尋！加油！""，C:繼續拼搏，神奇時刻即將到來！""，第9手:你摸到一張好牌了!向聽數降為:4，C:手氣來了！再努力一下，奇跡就在前方！""，D:運氣虧爆，但不放棄，奮鬥到底！""，第9手:你丟4條，第10手:你看到玩家B吃4條，B:4條吃的美味，翻盤機會藉此來！""，C:奮力一搏！擁抱希望！繼續奮戰！大家加油！""，第10手:你看到玩家B丟白板，A:白板飛舞，翻盤時刻來臨！大家一起加油，永不放棄！""","聽數還是:7，C:8筒已飛，奮力一搏！大家緊張刺激時刻，永不言弃！""，D:運氣差勁，向聽7能翻盤嗎？鬥志不滅！""，第8手:你丟3條，A:3條飛翔宇宙，翻盤之路努力追尋！加油！""，C:繼續拼搏，神奇時刻即將到來！""，第9手:你看到玩家C摸牌，C:手氣來了！再努力一下，奇跡就在前方！""，D:運氣虧爆，但不放棄，奮鬥到底！""，第9手:你看到玩家C丟4條，第10手:你看到玩家B吃4條，B:4條吃的美味，翻盤機會藉此來！""，C:奮力一搏！擁抱希望！繼續奮戰！大家加油！""，第10手:你看到玩家B丟白板，A:白板飛舞，翻盤時刻來臨！大家一起加油，永不放棄！""，C:轉運來臨！信心滿滿！繼續拼搏！大家一起上！""","[{'role': 'system', 'content': '你扮演幽默的玩家A，正在和其他三個玩家打台灣麻將。'}, {'role': 'user', 'content': '記住以下台灣麻將規則:玩家以抽取牌堆和棄手牌的方式來組成勝利的手牌，一局只有一個人能贏錢，因此會隨著手數越來越緊張。你不能看到其他玩家的手牌也不能洩漏自己的手牌，\n            但你可以依照他們的丟牌和對話來猜測他們是不是快贏了。勝利的手牌包括：五組刻子或順子和一對相同的牌。\n            遊戲過程中，玩家可以進行碰牌（利用別人棄的牌形成刻子），吃牌（利用別人棄的牌形成順子），槓牌（利用四張相同的牌，可以是自己手上的牌，也可以包括別人棄的牌）。每個回合結束後，根據各種規則和條件計算分數。'}, {'role': 'user', 'content': '油，勝利近在眼前！""，D:9筒碰得太快，機會渺茫，但還有奇跡！""，第7手:你丟8筒，第8手:你看到玩家D摸牌，C:8筒已飛，奮力一搏！大家緊張刺激時刻，永不言弃！""，D:運氣差勁，向聽7能翻盤嗎？鬥志不滅！""，第8手:你看到玩家D丟3條，A:3條飛翔宇宙，翻盤之路努力追尋！加油！""，C:繼續拼搏，神奇時刻即將到來！""，第9手:你看到玩家C摸牌，C:手氣來了！再努力一下，奇跡就在前方！""，D:運氣虧爆，但不放棄，奮鬥到底！""，第9手:你看到玩家C丟4條，第10手:你看到玩家B吃4條，B:4條吃的美味，翻盤機會藉此來！""，C:奮力一搏！擁抱希望！繼續奮戰！大家加油！""，第10手:你看到玩家B丟白板請根據你看到的遊戲過程用簡短(15字內)又能表達感情的方式和玩家們交流。'}, {'role': 'assistant', 'content': '我:""'}]",,"[{'role': 'system', 'content': '你扮演樂觀的玩家C，正在和其他三個玩家打台灣麻將。'}, {'role': 'user', 'content': '記住以下台灣麻將規則:玩家以抽取牌堆和棄手牌的方式來組成勝利的手牌，一局只有一個人能贏錢，因此會隨著手數越來越緊張。你不能看到其他玩家的手牌也不能洩漏自己的手牌，\n            但你可以依照他們的丟牌和對話來猜測他們是不是快贏了。勝利的手牌包括：五組刻子或順子和一對相同的牌。\n            遊戲過程中，玩家可以進行碰牌（利用別人棄的牌形成刻子），吃牌（利用別人棄的牌形成順子），槓牌（利用四張相同的牌，可以是自己手上的牌，也可以包括別人棄的牌）。每個回合結束後，根據各種規則和條件計算分數。'}, {'role': 'user', 'content': ':你看到玩家A丟8筒，第8手:你看到玩家D摸牌，C:8筒已飛，奮力一搏！大家緊張刺激時刻，永不言弃！""，D:運氣差勁，向聽7能翻盤嗎？鬥志不滅！""，第8手:你看到玩家D丟3條，A:3條飛翔宇宙，翻盤之路努力追尋！加油！""，C:繼續拼搏，神奇時刻即將到來！""，第9手:你摸到一張好牌了!向聽數降為:4，C:手氣來了！再努力一下，奇跡就在前方！""，D:運氣虧爆，但不放棄，奮鬥到底！""，第9手:你丟4條，第10手:你看到玩家B吃4條，B:4條吃的美味，翻盤機會藉此來！""，C:奮力一搏！擁抱希望！繼續奮戰！大家加油！""，第10手:你看到玩家B丟白板，A:白板飛舞，翻盤時刻來臨！大家一起加油，永不放棄！""請根據你看到的遊戲過程用簡短(15字內)又能表達感情的方式和玩家們交流。'}, {'role': 'assistant', 'content': '我:""'}]","[{'role': 'system', 'content': '你扮演悲觀的玩家D，正在和其他三個玩家打台灣麻將。'}, {'role': 'user', 'content': '記住以下台灣麻將規則:玩家以抽取牌堆和棄手牌的方式來組成勝利的手牌，一局只有一個人能贏錢，因此會隨著手數越來越緊張。你不能看到其他玩家的手牌也不能洩漏自己的手牌，\n            但你可以依照他們的丟牌和對話來猜測他們是不是快贏了。勝利的手牌包括：五組刻子或順子和一對相同的牌。\n            遊戲過程中，玩家可以進行碰牌（利用別人棄的牌形成刻子），吃牌（利用別人棄的牌形成順子），槓牌（利用四張相同的牌，可以是自己手上的牌，也可以包括別人棄的牌）。每個回合結束後，根據各種規則和條件計算分數。'}, {'role': 'user', 'content': '聽數還是:7，C:8筒已飛，奮力一搏！大家緊張刺激時刻，永不言弃！""，D:運氣差勁，向聽7能翻盤嗎？鬥志不滅！""，第8手:你丟3條，A:3條飛翔宇宙，翻盤之路努力追尋！加油！""，C:繼續拼搏，神奇時刻即將到來！""，第9手:你看到玩家C摸牌，C:手氣來了！再努力一下，奇跡就在前方！""，D:運氣虧爆，但不放棄，奮鬥到底！""，第9手:你看到玩家C丟4條，第10手:你看到玩家B吃4條，B:4條吃的美味，翻盤機會藉此來！""，C:奮力一搏！擁抱希望！繼續奮戰！大家加油！""，第10手:你看到玩家B丟白板，A:白板飛舞，翻盤時刻來臨！大家一起加油，永不放棄！""，C:轉運來臨！信心滿滿！繼續拼搏！大家一起上！""請根據你看到的遊戲過程用簡短(15字內)又能表達感情的方式和玩家們交流。'}, {'role': 'assistant', 'content': '我:""'}]"
20,11,0,摸,6A,7A 8A 0B 0B 2C 4C 0D 0E 1E 3E ,,26,,"沒牌用的悲劇，堅持向前，盡情揮洒隕石般的汗水！""",,,"運氣不佳，但勝利不遠，大家一起拼！""",第11手:你摸到一張沒用的牌。向聽數還是:6,第11手:你看到玩家A摸牌,第11手:你看到玩家A摸牌,第11手:你看到玩家A摸牌,"不滅！""，第8手:你看到玩家D丟3條，A:3條飛翔宇宙，翻盤之路努力追尋！加油！""，C:繼續拼搏，神奇時刻即將到來！""，第9手:你看到玩家C摸牌，C:手氣來了！再努力一下，奇跡就在前方！""，D:運氣虧爆，但不放棄，奮鬥到底！""，第9手:你看到玩家C丟4條，第10手:你看到玩家B吃4條，B:4條吃的美味，翻盤機會藉此來！""，C:奮力一搏！擁抱希望！繼續奮戰！大家加油！""，第10手:你看到玩家B丟白板，A:白板飛舞，翻盤時刻來臨！大家一起加油，永不放棄！""，C:轉運來臨！信心滿滿！繼續拼搏！大家一起上！""，D:真是惡運連連，堅持到底！大家一起努力吧！""，第11手:你摸到一張沒用的牌。向聽數還是:6",,,"，A:3條飛翔宇宙，翻盤之路努力追尋！加油！""，C:繼續拼搏，神奇時刻即將到來！""，第9手:你看到玩家C摸牌，C:手氣來了！再努力一下，奇跡就在前方！""，D:運氣虧爆，但不放棄，奮鬥到底！""，第9手:你看到玩家C丟4條，第10手:你看到玩家B吃4條，B:4條吃的美味，翻盤機會藉此來！""，C:奮力一搏！擁抱希望！繼續奮戰！大家加油！""，第10手:你看到玩家B丟白板，A:白板飛舞，翻盤時刻來臨！大家一起加油，永不放棄！""，C:轉運來臨！信心滿滿！繼續拼搏！大家一起上！""，D:真是惡運連連，堅持到底！大家一起努力吧！""，第11手:你看到玩家A摸牌，A:沒牌用的悲劇，堅持向前，盡情揮洒隕石般的汗水！""","[{'role': 'system', 'content': '你扮演幽默的玩家A，正在和其他三個玩家打台灣麻將。'}, {'role': 'user', 'content': '記住以下台灣麻將規則:玩家以抽取牌堆和棄手牌的方式來組成勝利的手牌，一局只有一個人能贏錢，因此會隨著手數越來越緊張。你不能看到其他玩家的手牌也不能洩漏自己的手牌，\n            但你可以依照他們的丟牌和對話來猜測他們是不是快贏了。勝利的手牌包括：五組刻子或順子和一對相同的牌。\n            遊戲過程中，玩家可以進行碰牌（利用別人棄的牌形成刻子），吃牌（利用別人棄的牌形成順子），槓牌（利用四張相同的牌，可以是自己手上的牌，也可以包括別人棄的牌）。每個回合結束後，根據各種規則和條件計算分數。'}, {'role': 'user', 'content': '不滅！""，第8手:你看到玩家D丟3條，A:3條飛翔宇宙，翻盤之路努力追尋！加油！""，C:繼續拼搏，神奇時刻即將到來！""，第9手:你看到玩家C摸牌，C:手氣來了！再努力一下，奇跡就在前方！""，D:運氣虧爆，但不放棄，奮鬥到底！""，第9手:你看到玩家C丟4條，第10手:你看到玩家B吃4條，B:4條吃的美味，翻盤機會藉此來！""，C:奮力一搏！擁抱希望！繼續奮戰！大家加油！""，第10手:你看到玩家B丟白板，A:白板飛舞，翻盤時刻來臨！大家一起加油，永不放棄！""，C:轉運來臨！信心滿滿！繼續拼搏！大家一起上！""，D:真是惡運連連，堅持到底！大家一起努力吧！""，第11手:你摸到一張沒用的牌。向聽數還是:6請根據你看到的遊戲過程用簡短(15字內)又能表達感情的方式和玩家們交流。'}, {'role': 'assistant', 'content': '我:""'}]",,,"[{'role': 'system', 'content': '你扮演悲觀的玩家D，正在和其他三個玩家打台灣麻將。'}, {'role': 'user', 'content': '記住以下台灣麻將規則:玩家以抽取牌堆和棄手牌的方式來組成勝利的手牌，一局只有一個人能贏錢，因此會隨著手數越來越緊張。你不能看到其他玩家的手牌也不能洩漏自己的手牌，\n            但你可以依照他們的丟牌和對話來猜測他們是不是快贏了。勝利的手牌包括：五組刻子或順子和一對相同的牌。\n            遊戲過程中，玩家可以進行碰牌（利用別人棄的牌形成刻子），吃牌（利用別人棄的牌形成順子），槓牌（利用四張相同的牌，可以是自己手上的牌，也可以包括別人棄的牌）。每個回合結束後，根據各種規則和條件計算分數。'}, {'role': 'user', 'content': '，A:3條飛翔宇宙，翻盤之路努力追尋！加油！""，C:繼續拼搏，神奇時刻即將到來！""，第9手:你看到玩家C摸牌，C:手氣來了！再努力一下，奇跡就在前方！""，D:運氣虧爆，但不放棄，奮鬥到底！""，第9手:你看到玩家C丟4條，第10手:你看到玩家B吃4條，B:4條吃的美味，翻盤機會藉此來！""，C:奮力一搏！擁抱希望！繼續奮戰！大家加油！""，第10手:你看到玩家B丟白板，A:白板飛舞，翻盤時刻來臨！大家一起加油，永不放棄！""，C:轉運來臨！信心滿滿！繼續拼搏！大家一起上！""，D:真是惡運連連，堅持到底！大家一起努力吧！""，第11手:你看到玩家A摸牌，A:沒牌用的悲劇，堅持向前，盡情揮洒隕石般的汗水！""請根據你看到的遊戲過程用簡短(15字內)又能表達感情的方式和玩家們交流。'}, {'role': 'assistant', 'content': '我:""'}]"
21,11,0,丟,0D,6A 7A 8A 0B 0B 2C 4C 0E 1E 3E ,,26,,"紅中劃過天際，全力追逐勝利夢！""","揮汗如雨，笑看紅中飛，翻盤勝利指日可待！""",,"黑雲壓頂，要翻盤!努力，勝利在望！""",第11手:你丟紅中,第11手:你看到玩家A丟紅中,第11手:你看到玩家A丟紅中,第11手:你看到玩家A丟紅中,"""，第9手:你看到玩家C摸牌，C:手氣來了！再努力一下，奇跡就在前方！""，D:運氣虧爆，但不放棄，奮鬥到底！""，第9手:你看到玩家C丟4條，第10手:你看到玩家B吃4條，B:4條吃的美味，翻盤機會藉此來！""，C:奮力一搏！擁抱希望！繼續奮戰！大家加油！""，第10手:你看到玩家B丟白板，A:白板飛舞，翻盤時刻來臨！大家一起加油，永不放棄！""，C:轉運來臨！信心滿滿！繼續拼搏！大家一起上！""，D:真是惡運連連，堅持到底！大家一起努力吧！""，第11手:你摸到一張沒用的牌。向聽數還是:6，A:沒牌用的悲劇，堅持向前，盡情揮洒隕石般的汗水！""，D:運氣不佳，但勝利不遠，大家一起拼！""，第11手:你丟紅中",":你看到玩家C摸牌，C:手氣來了！再努力一下，奇跡就在前方！""，D:運氣虧爆，但不放棄，奮鬥到底！""，第9手:你看到玩家C丟4條，第10手:你吃4條，B:4條吃的美味，翻盤機會藉此來！""，C:奮力一搏！擁抱希望！繼續奮戰！大家加油！""，第10手:你丟白板，A:白板飛舞，翻盤時刻來臨！大家一起加油，永不放棄！""，C:轉運來臨！信心滿滿！繼續拼搏！大家一起上！""，D:真是惡運連連，堅持到底！大家一起努力吧！""，第11手:你看到玩家A摸牌，A:沒牌用的悲劇，堅持向前，盡情揮洒隕石般的汗水！""，D:運氣不佳，但勝利不遠，大家一起拼！""，第11手:你看到玩家A丟紅中，A:紅中劃過天際，全力追逐勝利夢！""",,"運氣虧爆，但不放棄，奮鬥到底！""，第9手:你看到玩家C丟4條，第10手:你看到玩家B吃4條，B:4條吃的美味，翻盤機會藉此來！""，C:奮力一搏！擁抱希望！繼續奮戰！大家加油！""，第10手:你看到玩家B丟白板，A:白板飛舞，翻盤時刻來臨！大家一起加油，永不放棄！""，C:轉運來臨！信心滿滿！繼續拼搏！大家一起上！""，D:真是惡運連連，堅持到底！大家一起努力吧！""，第11手:你看到玩家A摸牌，A:沒牌用的悲劇，堅持向前，盡情揮洒隕石般的汗水！""，D:運氣不佳，但勝利不遠，大家一起拼！""，第11手:你看到玩家A丟紅中，A:紅中劃過天際，全力追逐勝利夢！""，B:揮汗如雨，笑看紅中飛，翻盤勝利指日可待！""","[{'role': 'system', 'content': '你扮演幽默的玩家A，正在和其他三個玩家打台灣麻將。'}, {'role': 'user', 'content': '記住以下台灣麻將規則:玩家以抽取牌堆和棄手牌的方式來組成勝利的手牌，一局只有一個人能贏錢，因此會隨著手數越來越緊張。你不能看到其他玩家的手牌也不能洩漏自己的手牌，\n            但你可以依照他們的丟牌和對話來猜測他們是不是快贏了。勝利的手牌包括：五組刻子或順子和一對相同的牌。\n            遊戲過程中，玩家可以進行碰牌（利用別人棄的牌形成刻子），吃牌（利用別人棄的牌形成順子），槓牌（利用四張相同的牌，可以是自己手上的牌，也可以包括別人棄的牌）。每個回合結束後，根據各種規則和條件計算分數。'}, {'role': 'user', 'content': '""，第9手:你看到玩家C摸牌，C:手氣來了！再努力一下，奇跡就在前方！""，D:運氣虧爆，但不放棄，奮鬥到底！""，第9手:你看到玩家C丟4條，第10手:你看到玩家B吃4條，B:4條吃的美味，翻盤機會藉此來！""，C:奮力一搏！擁抱希望！繼續奮戰！大家加油！""，第10手:你看到玩家B丟白板，A:白板飛舞，翻盤時刻來臨！大家一起加油，永不放棄！""，C:轉運來臨！信心滿滿！繼續拼搏！大家一起上！""，D:真是惡運連連，堅持到底！大家一起努力吧！""，第11手:你摸到一張沒用的牌。向聽數還是:6，A:沒牌用的悲劇，堅持向前，盡情揮洒隕石般的汗水！""，D:運氣不佳，但勝利不遠，大家一起拼！""，第11手:你丟紅中請根據你看到的遊戲過程用簡短(15字內)又能表達感情的方式和玩家們交流。'}, {'role': 'assistant', 'content': '我:""'}]","[{'role': 'system', 'content': '你扮演愛諷刺的玩家B，正在和其他三個玩家打台灣麻將。'}, {'role': 'user', 'content': '記住以下台灣麻將規則:玩家以抽取牌堆和棄手牌的方式來組成勝利的手牌，一局只有一個人能贏錢，因此會隨著手數越來越緊張。你不能看到其他玩家的手牌也不能洩漏自己的手牌，\n            但你可以依照他們的丟牌和對話來猜測他們是不是快贏了。勝利的手牌包括：五組刻子或順子和一對相同的牌。\n            遊戲過程中，玩家可以進行碰牌（利用別人棄的牌形成刻子），吃牌（利用別人棄的牌形成順子），槓牌（利用四張相同的牌，可以是自己手上的牌，也可以包括別人棄的牌）。每個回合結束後，根據各種規則和條件計算分數。'}, {'role': 'user', 'content': ':你看到玩家C摸牌，C:手氣來了！再努力一下，奇跡就在前方！""，D:運氣虧爆，但不放棄，奮鬥到底！""，第9手:你看到玩家C丟4條，第10手:你吃4條，B:4條吃的美味，翻盤機會藉此來！""，C:奮力一搏！擁抱希望！繼續奮戰！大家加油！""，第10手:你丟白板，A:白板飛舞，翻盤時刻來臨！大家一起加油，永不放棄！""，C:轉運來臨！信心滿滿！繼續拼搏！大家一起上！""，D:真是惡運連連，堅持到底！大家一起努力吧！""，第11手:你看到玩家A摸牌，A:沒牌用的悲劇，堅持向前，盡情揮洒隕石般的汗水！""，D:運氣不佳，但勝利不遠，大家一起拼！""，第11手:你看到玩家A丟紅中，A:紅中劃過天際，全力追逐勝利夢！""請根據你看到的遊戲過程用簡短(15字內)又能表達感情的方式和玩家們交流。'}, {'role': 'assistant', 'content': '我:""'}]",,"[{'role': 'system', 'content': '你扮演悲觀的玩家D，正在和其他三個玩家打台灣麻將。'}, {'role': 'user', 'content': '記住以下台灣麻將規則:玩家以抽取牌堆和棄手牌的方式來組成勝利的手牌，一局只有一個人能贏錢，因此會隨著手數越來越緊張。你不能看到其他玩家的手牌也不能洩漏自己的手牌，\n            但你可以依照他們的丟牌和對話來猜測他們是不是快贏了。勝利的手牌包括：五組刻子或順子和一對相同的牌。\n            遊戲過程中，玩家可以進行碰牌（利用別人棄的牌形成刻子），吃牌（利用別人棄的牌形成順子），槓牌（利用四張相同的牌，可以是自己手上的牌，也可以包括別人棄的牌）。每個回合結束後，根據各種規則和條件計算分數。'}, {'role': 'user', 'content': '運氣虧爆，但不放棄，奮鬥到底！""，第9手:你看到玩家C丟4條，第10手:你看到玩家B吃4條，B:4條吃的美味，翻盤機會藉此來！""，C:奮力一搏！擁抱希望！繼續奮戰！大家加油！""，第10手:你看到玩家B丟白板，A:白板飛舞，翻盤時刻來臨！大家一起加油，永不放棄！""，C:轉運來臨！信心滿滿！繼續拼搏！大家一起上！""，D:真是惡運連連，堅持到底！大家一起努力吧！""，第11手:你看到玩家A摸牌，A:沒牌用的悲劇，堅持向前，盡情揮洒隕石般的汗水！""，D:運氣不佳，但勝利不遠，大家一起拼！""，第11手:你看到玩家A丟紅中，A:紅中劃過天際，全力追逐勝利夢！""，B:揮汗如雨，笑看紅中飛，翻盤勝利指日可待！""請根據你看到的遊戲過程用簡短(15字內)又能表達感情的方式和玩家們交流。'}, {'role': 'assistant', 'content': '我:""'}]"
22,12,3,摸,5A,0A 2A 3A 4A 5A 5A 6A 8A 1B 5B 7B 0C 6C ,,,,"手氣逆轉登峰造極，笑看風云，勝利在招手！""","盡情揮灑汗水，翻盤就在眼前！永不言敗，加油！""",,"糟糕運氣，但堅持到底，一起加油！""",第12手:你看到玩家D摸牌,第12手:你看到玩家D摸牌,第12手:你看到玩家D摸牌,第12手:你摸到一張沒用的牌。向聽數還是:7,"玩家B吃4條，B:4條吃的美味，翻盤機會藉此來！""，C:奮力一搏！擁抱希望！繼續奮戰！大家加油！""，第10手:你看到玩家B丟白板，A:白板飛舞，翻盤時刻來臨！大家一起加油，永不放棄！""，C:轉運來臨！信心滿滿！繼續拼搏！大家一起上！""，D:真是惡運連連，堅持到底！大家一起努力吧！""，第11手:你摸到一張沒用的牌。向聽數還是:6，A:沒牌用的悲劇，堅持向前，盡情揮洒隕石般的汗水！""，D:運氣不佳，但勝利不遠，大家一起拼！""，第11手:你丟紅中，A:紅中劃過天際，全力追逐勝利夢！""，B:揮汗如雨，笑看紅中飛，翻盤勝利指日可待！""，D:黑雲壓頂，要翻盤!努力，勝利在望！""，第12手:你看到玩家D摸牌","，翻盤機會藉此來！""，C:奮力一搏！擁抱希望！繼續奮戰！大家加油！""，第10手:你丟白板，A:白板飛舞，翻盤時刻來臨！大家一起加油，永不放棄！""，C:轉運來臨！信心滿滿！繼續拼搏！大家一起上！""，D:真是惡運連連，堅持到底！大家一起努力吧！""，第11手:你看到玩家A摸牌，A:沒牌用的悲劇，堅持向前，盡情揮洒隕石般的汗水！""，D:運氣不佳，但勝利不遠，大家一起拼！""，第11手:你看到玩家A丟紅中，A:紅中劃過天際，全力追逐勝利夢！""，B:揮汗如雨，笑看紅中飛，翻盤勝利指日可待！""，D:黑雲壓頂，要翻盤!努力，勝利在望！""，第12手:你看到玩家D摸牌，A:手氣逆轉登峰造極，笑看風云，勝利在招手！""",,"你看到玩家B丟白板，A:白板飛舞，翻盤時刻來臨！大家一起加油，永不放棄！""，C:轉運來臨！信心滿滿！繼續拼搏！大家一起上！""，D:真是惡運連連，堅持到底！大家一起努力吧！""，第11手:你看到玩家A摸牌，A:沒牌用的悲劇，堅持向前，盡情揮洒隕石般的汗水！""，D:運氣不佳，但勝利不遠，大家一起拼！""，第11手:你看到玩家A丟紅中，A:紅中劃過天際，全力追逐勝利夢！""，B:揮汗如雨，笑看紅中飛，翻盤勝利指日可待！""，D:黑雲壓頂，要翻盤!努力，勝利在望！""，第12手:你摸到一張沒用的牌。向聽數還是:7，A:手氣逆轉登峰造極，笑看風云，勝利在招手！""，B:盡情揮灑汗水，翻盤就在眼前！永不言敗，加油！""","[{'role': 'system', 'content': '你扮演幽默的玩家A，正在和其他三個玩家打台灣麻將。'}, {'role': 'user', 'content': '記住以下台灣麻將規則:玩家以抽取牌堆和棄手牌的方式來組成勝利的手牌，一局只有一個人能贏錢，因此會隨著手數越來越緊張。你不能看到其他玩家的手牌也不能洩漏自己的手牌，\n            但你可以依照他們的丟牌和對話來猜測他們是不是快贏了。勝利的手牌包括：五組刻子或順子和一對相同的牌。\n            遊戲過程中，玩家可以進行碰牌（利用別人棄的牌形成刻子），吃牌（利用別人棄的牌形成順子），槓牌（利用四張相同的牌，可以是自己手上的牌，也可以包括別人棄的牌）。每個回合結束後，根據各種規則和條件計算分數。'}, {'role': 'user', 'content': '玩家B吃4條，B:4條吃的美味，翻盤機會藉此來！""，C:奮力一搏！擁抱希望！繼續奮戰！大家加油！""，第10手:你看到玩家B丟白板，A:白板飛舞，翻盤時刻來臨！大家一起加油，永不放棄！""，C:轉運來臨！信心滿滿！繼續拼搏！大家一起上！""，D:真是惡運連連，堅持到底！大家一起努力吧！""，第11手:你摸到一張沒用的牌。向聽數還是:6，A:沒牌用的悲劇，堅持向前，盡情揮洒隕石般的汗水！""，D:運氣不佳，但勝利不遠，大家一起拼！""，第11手:你丟紅中，A:紅中劃過天際，全力追逐勝利夢！""，B:揮汗如雨，笑看紅中飛，翻盤勝利指日可待！""，D:黑雲壓頂，要翻盤!努力，勝利在望！""，第12手:你看到玩家D摸牌請根據你看到的遊戲過程用簡短(15字內)又能表達感情的方式和玩家們交流。'}, {'role': 'assistant', 'content': '我:""'}]","[{'role': 'system', 'content': '你扮演愛諷刺的玩家B，正在和其他三個玩家打台灣麻將。'}, {'role': 'user', 'content': '記住以下台灣麻將規則:玩家以抽取牌堆和棄手牌的方式來組成勝利的手牌，一局只有一個人能贏錢，因此會隨著手數越來越緊張。你不能看到其他玩家的手牌也不能洩漏自己的手牌，\n            但你可以依照他們的丟牌和對話來猜測他們是不是快贏了。勝利的手牌包括：五組刻子或順子和一對相同的牌。\n            遊戲過程中，玩家可以進行碰牌（利用別人棄的牌形成刻子），吃牌（利用別人棄的牌形成順子），槓牌（利用四張相同的牌，可以是自己手上的牌，也可以包括別人棄的牌）。每個回合結束後，根據各種規則和條件計算分數。'}, {'role': 'user', 'content': '，翻盤機會藉此來！""，C:奮力一搏！擁抱希望！繼續奮戰！大家加油！""，第10手:你丟白板，A:白板飛舞，翻盤時刻來臨！大家一起加油，永不放棄！""，C:轉運來臨！信心滿滿！繼續拼搏！大家一起上！""，D:真是惡運連連，堅持到底！大家一起努力吧！""，第11手:你看到玩家A摸牌，A:沒牌用的悲劇，堅持向前，盡情揮洒隕石般的汗水！""，D:運氣不佳，但勝利不遠，大家一起拼！""，第11手:你看到玩家A丟紅中，A:紅中劃過天際，全力追逐勝利夢！""，B:揮汗如雨，笑看紅中飛，翻盤勝利指日可待！""，D:黑雲壓頂，要翻盤!努力，勝利在望！""，第12手:你看到玩家D摸牌，A:手氣逆轉登峰造極，笑看風云，勝利在招手！""請根據你看到的遊戲過程用簡短(15字內)又能表達感情的方式和玩家們交流。'}, {'role': 'assistant', 'content': '我:""'}]",,"[{'role': 'system', 'content': '你扮演悲觀的玩家D，正在和其他三個玩家打台灣麻將。'}, {'role': 'user', 'content': '記住以下台灣麻將規則:玩家以抽取牌堆和棄手牌的方式來組成勝利的手牌，一局只有一個人能贏錢，因此會隨著手數越來越緊張。你不能看到其他玩家的手牌也不能洩漏自己的手牌，\n            但你可以依照他們的丟牌和對話來猜測他們是不是快贏了。勝利的手牌包括：五組刻子或順子和一對相同的牌。\n            遊戲過程中，玩家可以進行碰牌（利用別人棄的牌形成刻子），吃牌（利用別人棄的牌形成順子），槓牌（利用四張相同的牌，可以是自己手上的牌，也可以包括別人棄的牌）。每個回合結束後，根據各種規則和條件計算分數。'}, {'role': 'user', 'content': '你看到玩家B丟白板，A:白板飛舞，翻盤時刻來臨！大家一起加油，永不放棄！""，C:轉運來臨！信心滿滿！繼續拼搏！大家一起上！""，D:真是惡運連連，堅持到底！大家一起努力吧！""，第11手:你看到玩家A摸牌，A:沒牌用的悲劇，堅持向前，盡情揮洒隕石般的汗水！""，D:運氣不佳，但勝利不遠，大家一起拼！""，第11手:你看到玩家A丟紅中，A:紅中劃過天際，全力追逐勝利夢！""，B:揮汗如雨，笑看紅中飛，翻盤勝利指日可待！""，D:黑雲壓頂，要翻盤!努力，勝利在望！""，第12手:你摸到一張沒用的牌。向聽數還是:7，A:手氣逆轉登峰造極，笑看風云，勝利在招手！""，B:盡情揮灑汗水，翻盤就在眼前！永不言敗，加油！""請根據你看到的遊戲過程用簡短(15字內)又能表達感情的方式和玩家們交流。'}, {'role': 'assistant', 'content': '我:""'}]"
23,12,3,丟,0A,2A 3A 4A 5A 5A 5A 6A 8A 1B 5B 7B 0C 6C ,,,,,,,,第12手:你看到玩家D丟1萬,第12手:你看到玩家D丟1萬,第12手:你看到玩家D丟1萬,第12手:你丟1萬,,,,,,,,
24,13,2,摸,1C,3A 5A 8A 3B 4B 7B 0C 3C 4C 5C 5C 6C 7C ,,,,,"守得雲開見月明，翻盤時刻就在眼前！""",,"運氣不佳，翻盤期待，共同努力！""",第13手:你看到玩家C摸牌,第13手:你看到玩家C摸牌,第13手:你摸到一張好牌了!向聽數降為:3,第13手:你看到玩家C摸牌,,"轉運來臨！信心滿滿！繼續拼搏！大家一起上！""，D:真是惡運連連，堅持到底！大家一起努力吧！""，第11手:你看到玩家A摸牌，A:沒牌用的悲劇，堅持向前，盡情揮洒隕石般的汗水！""，D:運氣不佳，但勝利不遠，大家一起拼！""，第11手:你看到玩家A丟紅中，A:紅中劃過天際，全力追逐勝利夢！""，B:揮汗如雨，笑看紅中飛，翻盤勝利指日可待！""，D:黑雲壓頂，要翻盤!努力，勝利在望！""，第12手:你看到玩家D摸牌，A:手氣逆轉登峰造極，笑看風云，勝利在招手！""，B:盡情揮灑汗水，翻盤就在眼前！永不言敗，加油！""，D:糟糕運氣，但堅持到底，一起加油！""，第12手:你看到玩家D丟1萬，第13手:你看到玩家C摸牌",,"真是惡運連連，堅持到底！大家一起努力吧！""，第11手:你看到玩家A摸牌，A:沒牌用的悲劇，堅持向前，盡情揮洒隕石般的汗水！""，D:運氣不佳，但勝利不遠，大家一起拼！""，第11手:你看到玩家A丟紅中，A:紅中劃過天際，全力追逐勝利夢！""，B:揮汗如雨，笑看紅中飛，翻盤勝利指日可待！""，D:黑雲壓頂，要翻盤!努力，勝利在望！""，第12手:你摸到一張沒用的牌。向聽數還是:7，A:手氣逆轉登峰造極，笑看風云，勝利在招手！""，B:盡情揮灑汗水，翻盤就在眼前！永不言敗，加油！""，D:糟糕運氣，但堅持到底，一起加油！""，第12手:你丟1萬，第13手:你看到玩家C摸牌，B:守得雲開見月明，翻盤時刻就在眼前！""",,"[{'role': 'system', 'content': '你扮演愛諷刺的玩家B，正在和其他三個玩家打台灣麻將。'}, {'role': 'user', 'content': '記住以下台灣麻將規則:玩家以抽取牌堆和棄手牌的方式來組成勝利的手牌，一局只有一個人能贏錢，因此會隨著手數越來越緊張。你不能看到其他玩家的手牌也不能洩漏自己的手牌，\n            但你可以依照他們的丟牌和對話來猜測他們是不是快贏了。勝利的手牌包括：五組刻子或順子和一對相同的牌。\n            遊戲過程中，玩家可以進行碰牌（利用別人棄的牌形成刻子），吃牌（利用別人棄的牌形成順子），槓牌（利用四張相同的牌，可以是自己手上的牌，也可以包括別人棄的牌）。每個回合結束後，根據各種規則和條件計算分數。'}, {'role': 'user', 'content': '轉運來臨！信心滿滿！繼續拼搏！大家一起上！""，D:真是惡運連連，堅持到底！大家一起努力吧！""，第11手:你看到玩家A摸牌，A:沒牌用的悲劇，堅持向前，盡情揮洒隕石般的汗水！""，D:運氣不佳，但勝利不遠，大家一起拼！""，第11手:你看到玩家A丟紅中，A:紅中劃過天際，全力追逐勝利夢！""，B:揮汗如雨，笑看紅中飛，翻盤勝利指日可待！""，D:黑雲壓頂，要翻盤!努力，勝利在望！""，第12手:你看到玩家D摸牌，A:手氣逆轉登峰造極，笑看風云，勝利在招手！""，B:盡情揮灑汗水，翻盤就在眼前！永不言敗，加油！""，D:糟糕運氣，但堅持到底，一起加油！""，第12手:你看到玩家D丟1萬，第13手:你看到玩家C摸牌請根據你看到的遊戲過程用簡短(15字內)又能表達感情的方式和玩家們交流。'}, {'role': 'assistant', 'content': '我:""'}]",,"[{'role': 'system', 'content': '你扮演悲觀的玩家D，正在和其他三個玩家打台灣麻將。'}, {'role': 'user', 'content': '記住以下台灣麻將規則:玩家以抽取牌堆和棄手牌的方式來組成勝利的手牌，一局只有一個人能贏錢，因此會隨著手數越來越緊張。你不能看到其他玩家的手牌也不能洩漏自己的手牌，\n            但你可以依照他們的丟牌和對話來猜測他們是不是快贏了。勝利的手牌包括：五組刻子或順子和一對相同的牌。\n            遊戲過程中，玩家可以進行碰牌（利用別人棄的牌形成刻子），吃牌（利用別人棄的牌形成順子），槓牌（利用四張相同的牌，可以是自己手上的牌，也可以包括別人棄的牌）。每個回合結束後，根據各種規則和條件計算分數。'}, {'role': 'user', 'content': '真是惡運連連，堅持到底！大家一起努力吧！""，第11手:你看到玩家A摸牌，A:沒牌用的悲劇，堅持向前，盡情揮洒隕石般的汗水！""，D:運氣不佳，但勝利不遠，大家一起拼！""，第11手:你看到玩家A丟紅中，A:紅中劃過天際，全力追逐勝利夢！""，B:揮汗如雨，笑看紅中飛，翻盤勝利指日可待！""，D:黑雲壓頂，要翻盤!努力，勝利在望！""，第12手:你摸到一張沒用的牌。向聽數還是:7，A:手氣逆轉登峰造極，笑看風云，勝利在招手！""，B:盡情揮灑汗水，翻盤就在眼前！永不言敗，加油！""，D:糟糕運氣，但堅持到底，一起加油！""，第12手:你丟1萬，第13手:你看到玩家C摸牌，B:守得雲開見月明，翻盤時刻就在眼前！""請根據你看到的遊戲過程用簡短(15字內)又能表達感情的方式和玩家們交流。'}, {'role': 'assistant', 'content': '我:""'}]"
25,13,2,丟,3A,5A 8A 3B 4B 7B 0C 1C 3C 4C 5C 5C 6C 7C ,,,,,,"氣氛緊張，翻盤在即！加油，勝利屬於堅持者！""",,第13手:你看到玩家C丟4萬,第13手:你看到玩家C丟4萬,第13手:你丟4萬,第13手:你看到玩家C丟4萬,,,"摸牌，A:沒牌用的悲劇，堅持向前，盡情揮洒隕石般的汗水！""，D:運氣不佳，但勝利不遠，大家一起拼！""，第11手:你看到玩家A丟紅中，A:紅中劃過天際，全力追逐勝利夢！""，B:揮汗如雨，笑看紅中飛，翻盤勝利指日可待！""，D:黑雲壓頂，要翻盤!努力，勝利在望！""，第12手:你看到玩家D摸牌，A:手氣逆轉登峰造極，笑看風云，勝利在招手！""，B:盡情揮灑汗水，翻盤就在眼前！永不言敗，加油！""，D:糟糕運氣，但堅持到底，一起加油！""，第12手:你看到玩家D丟1萬，第13手:你摸到一張好牌了!向聽數降為:3，B:守得雲開見月明，翻盤時刻就在眼前！""，D:運氣不佳，翻盤期待，共同努力！""，第13手:你丟4萬",,,,"[{'role': 'system', 'content': '你扮演樂觀的玩家C，正在和其他三個玩家打台灣麻將。'}, {'role': 'user', 'content': '記住以下台灣麻將規則:玩家以抽取牌堆和棄手牌的方式來組成勝利的手牌，一局只有一個人能贏錢，因此會隨著手數越來越緊張。你不能看到其他玩家的手牌也不能洩漏自己的手牌，\n            但你可以依照他們的丟牌和對話來猜測他們是不是快贏了。勝利的手牌包括：五組刻子或順子和一對相同的牌。\n            遊戲過程中，玩家可以進行碰牌（利用別人棄的牌形成刻子），吃牌（利用別人棄的牌形成順子），槓牌（利用四張相同的牌，可以是自己手上的牌，也可以包括別人棄的牌）。每個回合結束後，根據各種規則和條件計算分數。'}, {'role': 'user', 'content': '摸牌，A:沒牌用的悲劇，堅持向前，盡情揮洒隕石般的汗水！""，D:運氣不佳，但勝利不遠，大家一起拼！""，第11手:你看到玩家A丟紅中，A:紅中劃過天際，全力追逐勝利夢！""，B:揮汗如雨，笑看紅中飛，翻盤勝利指日可待！""，D:黑雲壓頂，要翻盤!努力，勝利在望！""，第12手:你看到玩家D摸牌，A:手氣逆轉登峰造極，笑看風云，勝利在招手！""，B:盡情揮灑汗水，翻盤就在眼前！永不言敗，加油！""，D:糟糕運氣，但堅持到底，一起加油！""，第12手:你看到玩家D丟1萬，第13手:你摸到一張好牌了!向聽數降為:3，B:守得雲開見月明，翻盤時刻就在眼前！""，D:運氣不佳，翻盤期待，共同努力！""，第13手:你丟4萬請根據你看到的遊戲過程用簡短(15字內)又能表達感情的方式和玩家們交流。'}, {'role': 'assistant', 'content': '我:""'}]",
26,14,1,摸,7B,1A 5B 5B 6B 0C 1C 1C 5C 1E 2E ,27,,,"風雲再起，緊張刺激，一起迎接勝利巔峰！""",,,"運氣低迷，但緊咬牙關，勝利就在前方！""",第14手:你看到玩家B摸牌,第14手:你摸到一張好牌了!向聽數降為:6,第14手:你看到玩家B摸牌,第14手:你看到玩家B摸牌,":運氣不佳，但勝利不遠，大家一起拼！""，第11手:你丟紅中，A:紅中劃過天際，全力追逐勝利夢！""，B:揮汗如雨，笑看紅中飛，翻盤勝利指日可待！""，D:黑雲壓頂，要翻盤!努力，勝利在望！""，第12手:你看到玩家D摸牌，A:手氣逆轉登峰造極，笑看風云，勝利在招手！""，B:盡情揮灑汗水，翻盤就在眼前！永不言敗，加油！""，D:糟糕運氣，但堅持到底，一起加油！""，第12手:你看到玩家D丟1萬，第13手:你看到玩家C摸牌，B:守得雲開見月明，翻盤時刻就在眼前！""，D:運氣不佳，翻盤期待，共同努力！""，第13手:你看到玩家C丟4萬，C:氣氛緊張，翻盤在即！加油，勝利屬於堅持者！""，第14手:你看到玩家B摸牌",,,"紅中，A:紅中劃過天際，全力追逐勝利夢！""，B:揮汗如雨，笑看紅中飛，翻盤勝利指日可待！""，D:黑雲壓頂，要翻盤!努力，勝利在望！""，第12手:你摸到一張沒用的牌。向聽數還是:7，A:手氣逆轉登峰造極，笑看風云，勝利在招手！""，B:盡情揮灑汗水，翻盤就在眼前！永不言敗，加油！""，D:糟糕運氣，但堅持到底，一起加油！""，第12手:你丟1萬，第13手:你看到玩家C摸牌，B:守得雲開見月明，翻盤時刻就在眼前！""，D:運氣不佳，翻盤期待，共同努力！""，第13手:你看到玩家C丟4萬，C:氣氛緊張，翻盤在即！加油，勝利屬於堅持者！""，第14手:你看到玩家B摸牌，A:風雲再起，緊張刺激，一起迎接勝利巔峰！""","[{'role': 'system', 'content': '你扮演幽默的玩家A，正在和其他三個玩家打台灣麻將。'}, {'role': 'user', 'content': '記住以下台灣麻將規則:玩家以抽取牌堆和棄手牌的方式來組成勝利的手牌，一局只有一個人能贏錢，因此會隨著手數越來越緊張。你不能看到其他玩家的手牌也不能洩漏自己的手牌，\n            但你可以依照他們的丟牌和對話來猜測他們是不是快贏了。勝利的手牌包括：五組刻子或順子和一對相同的牌。\n            遊戲過程中，玩家可以進行碰牌（利用別人棄的牌形成刻子），吃牌（利用別人棄的牌形成順子），槓牌（利用四張相同的牌，可以是自己手上的牌，也可以包括別人棄的牌）。每個回合結束後，根據各種規則和條件計算分數。'}, {'role': 'user', 'content': ':運氣不佳，但勝利不遠，大家一起拼！""，第11手:你丟紅中，A:紅中劃過天際，全力追逐勝利夢！""，B:揮汗如雨，笑看紅中飛，翻盤勝利指日可待！""，D:黑雲壓頂，要翻盤!努力，勝利在望！""，第12手:你看到玩家D摸牌，A:手氣逆轉登峰造極，笑看風云，勝利在招手！""，B:盡情揮灑汗水，翻盤就在眼前！永不言敗，加油！""，D:糟糕運氣，但堅持到底，一起加油！""，第12手:你看到玩家D丟1萬，第13手:你看到玩家C摸牌，B:守得雲開見月明，翻盤時刻就在眼前！""，D:運氣不佳，翻盤期待，共同努力！""，第13手:你看到玩家C丟4萬，C:氣氛緊張，翻盤在即！加油，勝利屬於堅持者！""，第14手:你看到玩家B摸牌請根據你看到的遊戲過程用簡短(15字內)又能表達感情的方式和玩家們交流。'}, {'role': 'assistant', 'content': '我:""'}]",,,"[{'role': 'system', 'content': '你扮演悲觀的玩家D，正在和其他三個玩家打台灣麻將。'}, {'role': 'user', 'content': '記住以下台灣麻將規則:玩家以抽取牌堆和棄手牌的方式來組成勝利的手牌，一局只有一個人能贏錢，因此會隨著手數越來越緊張。你不能看到其他玩家的手牌也不能洩漏自己的手牌，\n            但你可以依照他們的丟牌和對話來猜測他們是不是快贏了。勝利的手牌包括：五組刻子或順子和一對相同的牌。\n            遊戲過程中，玩家可以進行碰牌（利用別人棄的牌形成刻子），吃牌（利用別人棄的牌形成順子），槓牌（利用四張相同的牌，可以是自己手上的牌，也可以包括別人棄的牌）。每個回合結束後，根據各種規則和條件計算分數。'}, {'role': 'user', 'content': '紅中，A:紅中劃過天際，全力追逐勝利夢！""，B:揮汗如雨，笑看紅中飛，翻盤勝利指日可待！""，D:黑雲壓頂，要翻盤!努力，勝利在望！""，第12手:你摸到一張沒用的牌。向聽數還是:7，A:手氣逆轉登峰造極，笑看風云，勝利在招手！""，B:盡情揮灑汗水，翻盤就在眼前！永不言敗，加油！""，D:糟糕運氣，但堅持到底，一起加油！""，第12手:你丟1萬，第13手:你看到玩家C摸牌，B:守得雲開見月明，翻盤時刻就在眼前！""，D:運氣不佳，翻盤期待，共同努力！""，第13手:你看到玩家C丟4萬，C:氣氛緊張，翻盤在即！加油，勝利屬於堅持者！""，第14手:你看到玩家B摸牌，A:風雲再起，緊張刺激，一起迎接勝利巔峰！""請根據你看到的遊戲過程用簡短(15字內)又能表達感情的方式和玩家們交流。'}, {'role': 'assistant', 'content': '我:""'}]"
27,14,1,丟,1E,1A 5B 5B 6B 7B 0C 1C 1C 5C 2E ,27,,,,,"手牌進展良好，繼續加油！勝利就在不遠處！""","運氣慘淡，堅持不懈，翻盤期待！""",第14手:你看到玩家B丟南風,第14手:你丟南風,第14手:你看到玩家B丟南風,第14手:你看到玩家B丟南風,,,"盤勝利指日可待！""，D:黑雲壓頂，要翻盤!努力，勝利在望！""，第12手:你看到玩家D摸牌，A:手氣逆轉登峰造極，笑看風云，勝利在招手！""，B:盡情揮灑汗水，翻盤就在眼前！永不言敗，加油！""，D:糟糕運氣，但堅持到底，一起加油！""，第12手:你看到玩家D丟1萬，第13手:你摸到一張好牌了!向聽數降為:3，B:守得雲開見月明，翻盤時刻就在眼前！""，D:運氣不佳，翻盤期待，共同努力！""，第13手:你丟4萬，C:氣氛緊張，翻盤在即！加油，勝利屬於堅持者！""，第14手:你看到玩家B摸牌，A:風雲再起，緊張刺激，一起迎接勝利巔峰！""，D:運氣低迷，但緊咬牙關，勝利就在前方！""，第14手:你看到玩家B丟南風","利在望！""，第12手:你摸到一張沒用的牌。向聽數還是:7，A:手氣逆轉登峰造極，笑看風云，勝利在招手！""，B:盡情揮灑汗水，翻盤就在眼前！永不言敗，加油！""，D:糟糕運氣，但堅持到底，一起加油！""，第12手:你丟1萬，第13手:你看到玩家C摸牌，B:守得雲開見月明，翻盤時刻就在眼前！""，D:運氣不佳，翻盤期待，共同努力！""，第13手:你看到玩家C丟4萬，C:氣氛緊張，翻盤在即！加油，勝利屬於堅持者！""，第14手:你看到玩家B摸牌，A:風雲再起，緊張刺激，一起迎接勝利巔峰！""，D:運氣低迷，但緊咬牙關，勝利就在前方！""，第14手:你看到玩家B丟南風，C:手牌進展良好，繼續加油！勝利就在不遠處！""",,,"[{'role': 'system', 'content': '你扮演樂觀的玩家C，正在和其他三個玩家打台灣麻將。'}, {'role': 'user', 'content': '記住以下台灣麻將規則:玩家以抽取牌堆和棄手牌的方式來組成勝利的手牌，一局只有一個人能贏錢，因此會隨著手數越來越緊張。你不能看到其他玩家的手牌也不能洩漏自己的手牌，\n            但你可以依照他們的丟牌和對話來猜測他們是不是快贏了。勝利的手牌包括：五組刻子或順子和一對相同的牌。\n            遊戲過程中，玩家可以進行碰牌（利用別人棄的牌形成刻子），吃牌（利用別人棄的牌形成順子），槓牌（利用四張相同的牌，可以是自己手上的牌，也可以包括別人棄的牌）。每個回合結束後，根據各種規則和條件計算分數。'}, {'role': 'user', 'content': '盤勝利指日可待！""，D:黑雲壓頂，要翻盤!努力，勝利在望！""，第12手:你看到玩家D摸牌，A:手氣逆轉登峰造極，笑看風云，勝利在招手！""，B:盡情揮灑汗水，翻盤就在眼前！永不言敗，加油！""，D:糟糕運氣，但堅持到底，一起加油！""，第12手:你看到玩家D丟1萬，第13手:你摸到一張好牌了!向聽數降為:3，B:守得雲開見月明，翻盤時刻就在眼前！""，D:運氣不佳，翻盤期待，共同努力！""，第13手:你丟4萬，C:氣氛緊張，翻盤在即！加油，勝利屬於堅持者！""，第14手:你看到玩家B摸牌，A:風雲再起，緊張刺激，一起迎接勝利巔峰！""，D:運氣低迷，但緊咬牙關，勝利就在前方！""，第14手:你看到玩家B丟南風請根據你看到的遊戲過程用簡短(15字內)又能表達感情的方式和玩家們交流。'}, {'role': 'assistant', 'content': '我:""'}]","[{'role': 'system', 'content': '你扮演悲觀的玩家D，正在和其他三個玩家打台灣麻將。'}, {'role': 'user', 'content': '記住以下台灣麻將規則:玩家以抽取牌堆和棄手牌的方式來組成勝利的手牌，一局只有一個人能贏錢，因此會隨著手數越來越緊張。你不能看到其他玩家的手牌也不能洩漏自己的手牌，\n            但你可以依照他們的丟牌和對話來猜測他們是不是快贏了。勝利的手牌包括：五組刻子或順子和一對相同的牌。\n            遊戲過程中，玩家可以進行碰牌（利用別人棄的牌形成刻子），吃牌（利用別人棄的牌形成順子），槓牌（利用四張相同的牌，可以是自己手上的牌，也可以包括別人棄的牌）。每個回合結束後，根據各種規則和條件計算分數。'}, {'role': 'user', 'content': '利在望！""，第12手:你摸到一張沒用的牌。向聽數還是:7，A:手氣逆轉登峰造極，笑看風云，勝利在招手！""，B:盡情揮灑汗水，翻盤就在眼前！永不言敗，加油！""，D:糟糕運氣，但堅持到底，一起加油！""，第12手:你丟1萬，第13手:你看到玩家C摸牌，B:守得雲開見月明，翻盤時刻就在眼前！""，D:運氣不佳，翻盤期待，共同努力！""，第13手:你看到玩家C丟4萬，C:氣氛緊張，翻盤在即！加油，勝利屬於堅持者！""，第14手:你看到玩家B摸牌，A:風雲再起，緊張刺激，一起迎接勝利巔峰！""，D:運氣低迷，但緊咬牙關，勝利就在前方！""，第14手:你看到玩家B丟南風，C:手牌進展良好，繼續加油！勝利就在不遠處！""請根據你看到的遊戲過程用簡短(15字內)又能表達感情的方式和玩家們交流。'}, {'role': 'assistant', 'content': '我:""'}]"
28,15,0,摸,0B,6A 7A 8A 0B 0B 2C 4C 0E 1E 3E ,,26,,"手氣轉好，努力翻盤！一齊勇敢迎戰，加油！""","氣勢如虹，繼續前進，翻盤機會指日可待，各位努力啊！""",,,第15手:你摸到一張好牌了!向聽數降為:6,第15手:你看到玩家A摸牌,第15手:你看到玩家A摸牌,第15手:你看到玩家A摸牌,"利在招手！""，B:盡情揮灑汗水，翻盤就在眼前！永不言敗，加油！""，D:糟糕運氣，但堅持到底，一起加油！""，第12手:你看到玩家D丟1萬，第13手:你看到玩家C摸牌，B:守得雲開見月明，翻盤時刻就在眼前！""，D:運氣不佳，翻盤期待，共同努力！""，第13手:你看到玩家C丟4萬，C:氣氛緊張，翻盤在即！加油，勝利屬於堅持者！""，第14手:你看到玩家B摸牌，A:風雲再起，緊張刺激，一起迎接勝利巔峰！""，D:運氣低迷，但緊咬牙關，勝利就在前方！""，第14手:你看到玩家B丟南風，C:手牌進展良好，繼續加油！勝利就在不遠處！""，D:運氣慘淡，堅持不懈，翻盤期待！""，第15手:你摸到一張好牌了!向聽數降為:6","在眼前！永不言敗，加油！""，D:糟糕運氣，但堅持到底，一起加油！""，第12手:你看到玩家D丟1萬，第13手:你看到玩家C摸牌，B:守得雲開見月明，翻盤時刻就在眼前！""，D:運氣不佳，翻盤期待，共同努力！""，第13手:你看到玩家C丟4萬，C:氣氛緊張，翻盤在即！加油，勝利屬於堅持者！""，第14手:你摸到一張好牌了!向聽數降為:6，A:風雲再起，緊張刺激，一起迎接勝利巔峰！""，D:運氣低迷，但緊咬牙關，勝利就在前方！""，第14手:你丟南風，C:手牌進展良好，繼續加油！勝利就在不遠處！""，D:運氣慘淡，堅持不懈，翻盤期待！""，第15手:你看到玩家A摸牌，A:手氣轉好，努力翻盤！一齊勇敢迎戰，加油！""",,,"[{'role': 'system', 'content': '你扮演幽默的玩家A，正在和其他三個玩家打台灣麻將。'}, {'role': 'user', 'content': '記住以下台灣麻將規則:玩家以抽取牌堆和棄手牌的方式來組成勝利的手牌，一局只有一個人能贏錢，因此會隨著手數越來越緊張。你不能看到其他玩家的手牌也不能洩漏自己的手牌，\n            但你可以依照他們的丟牌和對話來猜測他們是不是快贏了。勝利的手牌包括：五組刻子或順子和一對相同的牌。\n            遊戲過程中，玩家可以進行碰牌（利用別人棄的牌形成刻子），吃牌（利用別人棄的牌形成順子），槓牌（利用四張相同的牌，可以是自己手上的牌，也可以包括別人棄的牌）。每個回合結束後，根據各種規則和條件計算分數。'}, {'role': 'user', 'content': '利在招手！""，B:盡情揮灑汗水，翻盤就在眼前！永不言敗，加油！""，D:糟糕運氣，但堅持到底，一起加油！""，第12手:你看到玩家D丟1萬，第13手:你看到玩家C摸牌，B:守得雲開見月明，翻盤時刻就在眼前！""，D:運氣不佳，翻盤期待，共同努力！""，第13手:你看到玩家C丟4萬，C:氣氛緊張，翻盤在即！加油，勝利屬於堅持者！""，第14手:你看到玩家B摸牌，A:風雲再起，緊張刺激，一起迎接勝利巔峰！""，D:運氣低迷，但緊咬牙關，勝利就在前方！""，第14手:你看到玩家B丟南風，C:手牌進展良好，繼續加油！勝利就在不遠處！""，D:運氣慘淡，堅持不懈，翻盤期待！""，第15手:你摸到一張好牌了!向聽數降為:6請根據你看到的遊戲過程用簡短(15字內)又能表達感情的方式和玩家們交流。'}, {'role': 'assistant', 'content': '我:""'}]","[{'role': 'system', 'content': '你扮演愛諷刺的玩家B，正在和其他三個玩家打台灣麻將。'}, {'role': 'user', 'content': '記住以下台灣麻將規則:玩家以抽取牌堆和棄手牌的方式來組成勝利的手牌，一局只有一個人能贏錢，因此會隨著手數越來越緊張。你不能看到其他玩家的手牌也不能洩漏自己的手牌，\n            但你可以依照他們的丟牌和對話來猜測他們是不是快贏了。勝利的手牌包括：五組刻子或順子和一對相同的牌。\n            遊戲過程中，玩家可以進行碰牌（利用別人棄的牌形成刻子），吃牌（利用別人棄的牌形成順子），槓牌（利用四張相同的牌，可以是自己手上的牌，也可以包括別人棄的牌）。每個回合結束後，根據各種規則和條件計算分數。'}, {'role': 'user', 'content': '在眼前！永不言敗，加油！""，D:糟糕運氣，但堅持到底，一起加油！""，第12手:你看到玩家D丟1萬，第13手:你看到玩家C摸牌，B:守得雲開見月明，翻盤時刻就在眼前！""，D:運氣不佳，翻盤期待，共同努力！""，第13手:你看到玩家C丟4萬，C:氣氛緊張，翻盤在即！加油，勝利屬於堅持者！""，第14手:你摸到一張好牌了!向聽數降為:6，A:風雲再起，緊張刺激，一起迎接勝利巔峰！""，D:運氣低迷，但緊咬牙關，勝利就在前方！""，第14手:你丟南風，C:手牌進展良好，繼續加油！勝利就在不遠處！""，D:運氣慘淡，堅持不懈，翻盤期待！""，第15手:你看到玩家A摸牌，A:手氣轉好，努力翻盤！一齊勇敢迎戰，加油！""請根據你看到的遊戲過程用簡短(15字內)又能表達感情的方式和玩家們交流。'}, {'role': 'assistant', 'content': '我:""'}]",,
29,15,0,丟,0E,6A 7A 8A 0B 0B 0B 2C 4C 1E 3E ,,26,,"手氣起飛，勝利近了！大家加油，翻盤就在眼前！""","翻轉乾坤，眼看緊張勝局，振奮人心！""",,,第15手:你丟東風,第15手:你看到玩家A丟東風,第15手:你看到玩家A丟東風,第15手:你看到玩家A丟東風,"D丟1萬，第13手:你看到玩家C摸牌，B:守得雲開見月明，翻盤時刻就在眼前！""，D:運氣不佳，翻盤期待，共同努力！""，第13手:你看到玩家C丟4萬，C:氣氛緊張，翻盤在即！加油，勝利屬於堅持者！""，第14手:你看到玩家B摸牌，A:風雲再起，緊張刺激，一起迎接勝利巔峰！""，D:運氣低迷，但緊咬牙關，勝利就在前方！""，第14手:你看到玩家B丟南風，C:手牌進展良好，繼續加油！勝利就在不遠處！""，D:運氣慘淡，堅持不懈，翻盤期待！""，第15手:你摸到一張好牌了!向聽數降為:6，A:手氣轉好，努力翻盤！一齊勇敢迎戰，加油！""，B:氣勢如虹，繼續前進，翻盤機會指日可待，各位努力啊！""，第15手:你丟東風","月明，翻盤時刻就在眼前！""，D:運氣不佳，翻盤期待，共同努力！""，第13手:你看到玩家C丟4萬，C:氣氛緊張，翻盤在即！加油，勝利屬於堅持者！""，第14手:你摸到一張好牌了!向聽數降為:6，A:風雲再起，緊張刺激，一起迎接勝利巔峰！""，D:運氣低迷，但緊咬牙關，勝利就在前方！""，第14手:你丟南風，C:手牌進展良好，繼續加油！勝利就在不遠處！""，D:運氣慘淡，堅持不懈，翻盤期待！""，第15手:你看到玩家A摸牌，A:手氣轉好，努力翻盤！一齊勇敢迎戰，加油！""，B:氣勢如虹，繼續前進，翻盤機會指日可待，各位努力啊！""，第15手:你看到玩家A丟東風，A:手氣起飛，勝利近了！大家加油，翻盤就在眼前！""",,,"[{'role': 'system', 'content': '你扮演幽默的玩家A，正在和其他三個玩家打台灣麻將。'}, {'role': 'user', 'content': '記住以下台灣麻將規則:玩家以抽取牌堆和棄手牌的方式來組成勝利的手牌，一局只有一個人能贏錢，因此會隨著手數越來越緊張。你不能看到其他玩家的手牌也不能洩漏自己的手牌，\n            但你可以依照他們的丟牌和對話來猜測他們是不是快贏了。勝利的手牌包括：五組刻子或順子和一對相同的牌。\n            遊戲過程中，玩家可以進行碰牌（利用別人棄的牌形成刻子），吃牌（利用別人棄的牌形成順子），槓牌（利用四張相同的牌，可以是自己手上的牌，也可以包括別人棄的牌）。每個回合結束後，根據各種規則和條件計算分數。'}, {'role': 'user', 'content': 'D丟1萬，第13手:你看到玩家C摸牌，B:守得雲開見月明，翻盤時刻就在眼前！""，D:運氣不佳，翻盤期待，共同努力！""，第13手:你看到玩家C丟4萬，C:氣氛緊張，翻盤在即！加油，勝利屬於堅持者！""，第14手:你看到玩家B摸牌，A:風雲再起，緊張刺激，一起迎接勝利巔峰！""，D:運氣低迷，但緊咬牙關，勝利就在前方！""，第14手:你看到玩家B丟南風，C:手牌進展良好，繼續加油！勝利就在不遠處！""，D:運氣慘淡，堅持不懈，翻盤期待！""，第15手:你摸到一張好牌了!向聽數降為:6，A:手氣轉好，努力翻盤！一齊勇敢迎戰，加油！""，B:氣勢如虹，繼續前進，翻盤機會指日可待，各位努力啊！""，第15手:你丟東風請根據你看到的遊戲過程用簡短(15字內)又能表達感情的方式和玩家們交流。'}, {'role': 'assistant', 'content': '我:""'}]","[{'role': 'system', 'content': '你扮演愛諷刺的玩家B，正在和其他三個玩家打台灣麻將。'}, {'role': 'user', 'content': '記住以下台灣麻將規則:玩家以抽取牌堆和棄手牌的方式來組成勝利的手牌，一局只有一個人能贏錢，因此會隨著手數越來越緊張。你不能看到其他玩家的手牌也不能洩漏自己的手牌，\n            但你可以依照他們的丟牌和對話來猜測他們是不是快贏了。勝利的手牌包括：五組刻子或順子和一對相同的牌。\n            遊戲過程中，玩家可以進行碰牌（利用別人棄的牌形成刻子），吃牌（利用別人棄的牌形成順子），槓牌（利用四張相同的牌，可以是自己手上的牌，也可以包括別人棄的牌）。每個回合結束後，根據各種規則和條件計算分數。'}, {'role': 'user', 'content': '月明，翻盤時刻就在眼前！""，D:運氣不佳，翻盤期待，共同努力！""，第13手:你看到玩家C丟4萬，C:氣氛緊張，翻盤在即！加油，勝利屬於堅持者！""，第14手:你摸到一張好牌了!向聽數降為:6，A:風雲再起，緊張刺激，一起迎接勝利巔峰！""，D:運氣低迷，但緊咬牙關，勝利就在前方！""，第14手:你丟南風，C:手牌進展良好，繼續加油！勝利就在不遠處！""，D:運氣慘淡，堅持不懈，翻盤期待！""，第15手:你看到玩家A摸牌，A:手氣轉好，努力翻盤！一齊勇敢迎戰，加油！""，B:氣勢如虹，繼續前進，翻盤機會指日可待，各位努力啊！""，第15手:你看到玩家A丟東風，A:手氣起飛，勝利近了！大家加油，翻盤就在眼前！""請根據你看到的遊戲過程用簡短(15字內)又能表達感情的方式和玩家們交流。'}, {'role': 'assistant', 'content': '我:""'}]",,
30,16,3,摸,0A,2A 3A 4A 5A 5A 5A 6A 8A 1B 5B 7B 0C 6C ,,,,,,"激情四溢，飛起來了！大家加油，翻盤就在指尖！""",,第16手:你看到玩家D摸牌,第16手:你看到玩家D摸牌,第16手:你看到玩家D摸牌,第16手:你摸到一張沒用的牌。向聽數還是:7,,,"同努力！""，第13手:你丟4萬，C:氣氛緊張，翻盤在即！加油，勝利屬於堅持者！""，第14手:你看到玩家B摸牌，A:風雲再起，緊張刺激，一起迎接勝利巔峰！""，D:運氣低迷，但緊咬牙關，勝利就在前方！""，第14手:你看到玩家B丟南風，C:手牌進展良好，繼續加油！勝利就在不遠處！""，D:運氣慘淡，堅持不懈，翻盤期待！""，第15手:你看到玩家A摸牌，A:手氣轉好，努力翻盤！一齊勇敢迎戰，加油！""，B:氣勢如虹，繼續前進，翻盤機會指日可待，各位努力啊！""，第15手:你看到玩家A丟東風，A:手氣起飛，勝利近了！大家加油，翻盤就在眼前！""，B:翻轉乾坤，眼看緊張勝局，振奮人心！""，第16手:你看到玩家D摸牌",,,,"[{'role': 'system', 'content': '你扮演樂觀的玩家C，正在和其他三個玩家打台灣麻將。'}, {'role': 'user', 'content': '記住以下台灣麻將規則:玩家以抽取牌堆和棄手牌的方式來組成勝利的手牌，一局只有一個人能贏錢，因此會隨著手數越來越緊張。你不能看到其他玩家的手牌也不能洩漏自己的手牌，\n            但你可以依照他們的丟牌和對話來猜測他們是不是快贏了。勝利的手牌包括：五組刻子或順子和一對相同的牌。\n            遊戲過程中，玩家可以進行碰牌（利用別人棄的牌形成刻子），吃牌（利用別人棄的牌形成順子），槓牌（利用四張相同的牌，可以是自己手上的牌，也可以包括別人棄的牌）。每個回合結束後，根據各種規則和條件計算分數。'}, {'role': 'user', 'content': '同努力！""，第13手:你丟4萬，C:氣氛緊張，翻盤在即！加油，勝利屬於堅持者！""，第14手:你看到玩家B摸牌，A:風雲再起，緊張刺激，一起迎接勝利巔峰！""，D:運氣低迷，但緊咬牙關，勝利就在前方！""，第14手:你看到玩家B丟南風，C:手牌進展良好，繼續加油！勝利就在不遠處！""，D:運氣慘淡，堅持不懈，翻盤期待！""，第15手:你看到玩家A摸牌，A:手氣轉好，努力翻盤！一齊勇敢迎戰，加油！""，B:氣勢如虹，繼續前進，翻盤機會指日可待，各位努力啊！""，第15手:你看到玩家A丟東風，A:手氣起飛，勝利近了！大家加油，翻盤就在眼前！""，B:翻轉乾坤，眼看緊張勝局，振奮人心！""，第16手:你看到玩家D摸牌請根據你看到的遊戲過程用簡短(15字內)又能表達感情的方式和玩家們交流。'}, {'role': 'assistant', 'content': '我:""'}]",
31,16,3,丟,0A,2A 3A 4A 5A 5A 5A 6A 8A 1B 5B 7B 0C 6C ,,,,,,,,第16手:你看到玩家D丟1萬,第16手:你看到玩家D丟1萬,第16手:你看到玩家D丟1萬,第16手:你丟1萬,,,,,,,,
32,17,2,摸,7A,5A 8A 3B 4B 7B 0C 1C 3C 4C 5C 5C 6C 7C ,,,,,,,,第17手:你看到玩家C摸牌,第17手:你看到玩家C摸牌,第17手:你摸到一張沒用的牌。向聽數還是:2,第17手:你看到玩家C摸牌,,,,,,,,
33,17,2,丟,1C,5A 7A 8A 3B 4B 7B 0C 3C 4C 5C 5C 6C 7C ,,,,,,,,第17手:你看到玩家C丟2筒,第17手:你看到玩家C丟2筒,第17手:你丟2筒,第17手:你看到玩家C丟2筒,,,,,,,,
34,18,1,碰,1C,1A 5B 5B 6B 7B 0C 5C 2E ,27,19,,,"哎呀，碰到2筒了！翻盤就等著我吧！大家小心翼翼喔！""","加油大家！勝利就在不遠處，繼續保持激情！""",,第18手:你看到玩家B碰2筒,第18手:你碰2筒,第18手:你看到玩家B碰2筒,第18手:你看到玩家B碰2筒,,"！""，D:運氣低迷，但緊咬牙關，勝利就在前方！""，第14手:你丟南風，C:手牌進展良好，繼續加油！勝利就在不遠處！""，D:運氣慘淡，堅持不懈，翻盤期待！""，第15手:你看到玩家A摸牌，A:手氣轉好，努力翻盤！一齊勇敢迎戰，加油！""，B:氣勢如虹，繼續前進，翻盤機會指日可待，各位努力啊！""，第15手:你看到玩家A丟東風，A:手氣起飛，勝利近了！大家加油，翻盤就在眼前！""，B:翻轉乾坤，眼看緊張勝局，振奮人心！""，第16手:你看到玩家D摸牌，C:激情四溢，飛起來了！大家加油，翻盤就在指尖！""，第16手:你看到玩家D丟1萬，第17手:你看到玩家C摸牌，第17手:你看到玩家C丟2筒，第18手:你碰2筒","牌進展良好，繼續加油！勝利就在不遠處！""，D:運氣慘淡，堅持不懈，翻盤期待！""，第15手:你看到玩家A摸牌，A:手氣轉好，努力翻盤！一齊勇敢迎戰，加油！""，B:氣勢如虹，繼續前進，翻盤機會指日可待，各位努力啊！""，第15手:你看到玩家A丟東風，A:手氣起飛，勝利近了！大家加油，翻盤就在眼前！""，B:翻轉乾坤，眼看緊張勝局，振奮人心！""，第16手:你看到玩家D摸牌，C:激情四溢，飛起來了！大家加油，翻盤就在指尖！""，第16手:你看到玩家D丟1萬，第17手:你摸到一張沒用的牌。向聽數還是:2，第17手:你丟2筒，第18手:你看到玩家B碰2筒，B:哎呀，碰到2筒了！翻盤就等著我吧！大家小心翼翼喔！""",,,"[{'role': 'system', 'content': '你扮演愛諷刺的玩家B，正在和其他三個玩家打台灣麻將。'}, {'role': 'user', 'content': '記住以下台灣麻將規則:玩家以抽取牌堆和棄手牌的方式來組成勝利的手牌，一局只有一個人能贏錢，因此會隨著手數越來越緊張。你不能看到其他玩家的手牌也不能洩漏自己的手牌，\n            但你可以依照他們的丟牌和對話來猜測他們是不是快贏了。勝利的手牌包括：五組刻子或順子和一對相同的牌。\n            遊戲過程中，玩家可以進行碰牌（利用別人棄的牌形成刻子），吃牌（利用別人棄的牌形成順子），槓牌（利用四張相同的牌，可以是自己手上的牌，也可以包括別人棄的牌）。每個回合結束後，根據各種規則和條件計算分數。'}, {'role': 'user', 'content': '！""，D:運氣低迷，但緊咬牙關，勝利就在前方！""，第14手:你丟南風，C:手牌進展良好，繼續加油！勝利就在不遠處！""，D:運氣慘淡，堅持不懈，翻盤期待！""，第15手:你看到玩家A摸牌，A:手氣轉好，努力翻盤！一齊勇敢迎戰，加油！""，B:氣勢如虹，繼續前進，翻盤機會指日可待，各位努力啊！""，第15手:你看到玩家A丟東風，A:手氣起飛，勝利近了！大家加油，翻盤就在眼前！""，B:翻轉乾坤，眼看緊張勝局，振奮人心！""，第16手:你看到玩家D摸牌，C:激情四溢，飛起來了！大家加油，翻盤就在指尖！""，第16手:你看到玩家D丟1萬，第17手:你看到玩家C摸牌，第17手:你看到玩家C丟2筒，第18手:你碰2筒請根據你看到的遊戲過程用簡短(15字內)又能表達感情的方式和玩家們交流。'}, {'role': 'assistant', 'content': '我:""'}]","[{'role': 'system', 'content': '你扮演樂觀的玩家C，正在和其他三個玩家打台灣麻將。'}, {'role': 'user', 'content': '記住以下台灣麻將規則:玩家以抽取牌堆和棄手牌的方式來組成勝利的手牌，一局只有一個人能贏錢，因此會隨著手數越來越緊張。你不能看到其他玩家的手牌也不能洩漏自己的手牌，\n            但你可以依照他們的丟牌和對話來猜測他們是不是快贏了。勝利的手牌包括：五組刻子或順子和一對相同的牌。\n            遊戲過程中，玩家可以進行碰牌（利用別人棄的牌形成刻子），吃牌（利用別人棄的牌形成順子），槓牌（利用四張相同的牌，可以是自己手上的牌，也可以包括別人棄的牌）。每個回合結束後，根據各種規則和條件計算分數。'}, {'role': 'user', 'content': '牌進展良好，繼續加油！勝利就在不遠處！""，D:運氣慘淡，堅持不懈，翻盤期待！""，第15手:你看到玩家A摸牌，A:手氣轉好，努力翻盤！一齊勇敢迎戰，加油！""，B:氣勢如虹，繼續前進，翻盤機會指日可待，各位努力啊！""，第15手:你看到玩家A丟東風，A:手氣起飛，勝利近了！大家加油，翻盤就在眼前！""，B:翻轉乾坤，眼看緊張勝局，振奮人心！""，第16手:你看到玩家D摸牌，C:激情四溢，飛起來了！大家加油，翻盤就在指尖！""，第16手:你看到玩家D丟1萬，第17手:你摸到一張沒用的牌。向聽數還是:2，第17手:你丟2筒，第18手:你看到玩家B碰2筒，B:哎呀，碰到2筒了！翻盤就等著我吧！大家小心翼翼喔！""請根據你看到的遊戲過程用簡短(15字內)又能表達感情的方式和玩家們交流。'}, {'role': 'assistant', 'content': '我:""'}]",
35,18,1,丟,2E,1A 5B 5B 6B 7B 0C 5C ,27,19,,,"緊張刺激，心跳加速！勝利，我們一起爭取！""","繼續加油！勝利在招手，大家一起向前！""",,第18手:你看到玩家B丟西風,第18手:你丟西風,第18手:你看到玩家B丟西風,第18手:你看到玩家B丟西風,,"慘淡，堅持不懈，翻盤期待！""，第15手:你看到玩家A摸牌，A:手氣轉好，努力翻盤！一齊勇敢迎戰，加油！""，B:氣勢如虹，繼續前進，翻盤機會指日可待，各位努力啊！""，第15手:你看到玩家A丟東風，A:手氣起飛，勝利近了！大家加油，翻盤就在眼前！""，B:翻轉乾坤，眼看緊張勝局，振奮人心！""，第16手:你看到玩家D摸牌，C:激情四溢，飛起來了！大家加油，翻盤就在指尖！""，第16手:你看到玩家D丟1萬，第17手:你看到玩家C摸牌，第17手:你看到玩家C丟2筒，第18手:你碰2筒，B:哎呀，碰到2筒了！翻盤就等著我吧！大家小心翼翼喔！""，C:加油大家！勝利就在不遠處，繼續保持激情！""，第18手:你丟西風","翻盤！一齊勇敢迎戰，加油！""，B:氣勢如虹，繼續前進，翻盤機會指日可待，各位努力啊！""，第15手:你看到玩家A丟東風，A:手氣起飛，勝利近了！大家加油，翻盤就在眼前！""，B:翻轉乾坤，眼看緊張勝局，振奮人心！""，第16手:你看到玩家D摸牌，C:激情四溢，飛起來了！大家加油，翻盤就在指尖！""，第16手:你看到玩家D丟1萬，第17手:你摸到一張沒用的牌。向聽數還是:2，第17手:你丟2筒，第18手:你看到玩家B碰2筒，B:哎呀，碰到2筒了！翻盤就等著我吧！大家小心翼翼喔！""，C:加油大家！勝利就在不遠處，繼續保持激情！""，第18手:你看到玩家B丟西風，B:緊張刺激，心跳加速！勝利，我們一起爭取！""",,,"[{'role': 'system', 'content': '你扮演愛諷刺的玩家B，正在和其他三個玩家打台灣麻將。'}, {'role': 'user', 'content': '記住以下台灣麻將規則:玩家以抽取牌堆和棄手牌的方式來組成勝利的手牌，一局只有一個人能贏錢，因此會隨著手數越來越緊張。你不能看到其他玩家的手牌也不能洩漏自己的手牌，\n            但你可以依照他們的丟牌和對話來猜測他們是不是快贏了。勝利的手牌包括：五組刻子或順子和一對相同的牌。\n            遊戲過程中，玩家可以進行碰牌（利用別人棄的牌形成刻子），吃牌（利用別人棄的牌形成順子），槓牌（利用四張相同的牌，可以是自己手上的牌，也可以包括別人棄的牌）。每個回合結束後，根據各種規則和條件計算分數。'}, {'role': 'user', 'content': '慘淡，堅持不懈，翻盤期待！""，第15手:你看到玩家A摸牌，A:手氣轉好，努力翻盤！一齊勇敢迎戰，加油！""，B:氣勢如虹，繼續前進，翻盤機會指日可待，各位努力啊！""，第15手:你看到玩家A丟東風，A:手氣起飛，勝利近了！大家加油，翻盤就在眼前！""，B:翻轉乾坤，眼看緊張勝局，振奮人心！""，第16手:你看到玩家D摸牌，C:激情四溢，飛起來了！大家加油，翻盤就在指尖！""，第16手:你看到玩家D丟1萬，第17手:你看到玩家C摸牌，第17手:你看到玩家C丟2筒，第18手:你碰2筒，B:哎呀，碰到2筒了！翻盤就等著我吧！大家小心翼翼喔！""，C:加油大家！勝利就在不遠處，繼續保持激情！""，第18手:你丟西風請根據你看到的遊戲過程用簡短(15字內)又能表達感情的方式和玩家們交流。'}, {'role': 'assistant', 'content': '我:""'}]","[{'role': 'system', 'content': '你扮演樂觀的玩家C，正在和其他三個玩家打台灣麻將。'}, {'role': 'user', 'content': '記住以下台灣麻將規則:玩家以抽取牌堆和棄手牌的方式來組成勝利的手牌，一局只有一個人能贏錢，因此會隨著手數越來越緊張。你不能看到其他玩家的手牌也不能洩漏自己的手牌，\n            但你可以依照他們的丟牌和對話來猜測他們是不是快贏了。勝利的手牌包括：五組刻子或順子和一對相同的牌。\n            遊戲過程中，玩家可以進行碰牌（利用別人棄的牌形成刻子），吃牌（利用別人棄的牌形成順子），槓牌（利用四張相同的牌，可以是自己手上的牌，也可以包括別人棄的牌）。每個回合結束後，根據各種規則和條件計算分數。'}, {'role': 'user', 'content': '翻盤！一齊勇敢迎戰，加油！""，B:氣勢如虹，繼續前進，翻盤機會指日可待，各位努力啊！""，第15手:你看到玩家A丟東風，A:手氣起飛，勝利近了！大家加油，翻盤就在眼前！""，B:翻轉乾坤，眼看緊張勝局，振奮人心！""，第16手:你看到玩家D摸牌，C:激情四溢，飛起來了！大家加油，翻盤就在指尖！""，第16手:你看到玩家D丟1萬，第17手:你摸到一張沒用的牌。向聽數還是:2，第17手:你丟2筒，第18手:你看到玩家B碰2筒，B:哎呀，碰到2筒了！翻盤就等著我吧！大家小心翼翼喔！""，C:加油大家！勝利就在不遠處，繼續保持激情！""，第18手:你看到玩家B丟西風，B:緊張刺激，心跳加速！勝利，我們一起爭取！""請根據你看到的遊戲過程用簡短(15字內)又能表達感情的方式和玩家們交流。'}, {'role': 'assistant', 'content': '我:""'}]",
36,19,0,摸,0B,6A 7A 8A 0B 0B 0B 2C 4C 1E 3E ,,26,,,"激戰正酣，緊張上升，勝利近了！大家全力衝刺！""",,"真是激戰，大家都勢在必得！好緊張啊，加油努力！""",第19手:你摸到一張沒用的牌。向聽數還是:5,第19手:你看到玩家A摸牌,第19手:你看到玩家A摸牌,第19手:你看到玩家A摸牌,,"繼續前進，翻盤機會指日可待，各位努力啊！""，第15手:你看到玩家A丟東風，A:手氣起飛，勝利近了！大家加油，翻盤就在眼前！""，B:翻轉乾坤，眼看緊張勝局，振奮人心！""，第16手:你看到玩家D摸牌，C:激情四溢，飛起來了！大家加油，翻盤就在指尖！""，第16手:你看到玩家D丟1萬，第17手:你看到玩家C摸牌，第17手:你看到玩家C丟2筒，第18手:你碰2筒，B:哎呀，碰到2筒了！翻盤就等著我吧！大家小心翼翼喔！""，C:加油大家！勝利就在不遠處，繼續保持激情！""，第18手:你丟西風，B:緊張刺激，心跳加速！勝利，我們一起爭取！""，C:繼續加油！勝利在招手，大家一起向前！""，第19手:你看到玩家A摸牌",,"氣起飛，勝利近了！大家加油，翻盤就在眼前！""，B:翻轉乾坤，眼看緊張勝局，振奮人心！""，第16手:你摸到一張沒用的牌。向聽數還是:7，C:激情四溢，飛起來了！大家加油，翻盤就在指尖！""，第16手:你丟1萬，第17手:你看到玩家C摸牌，第17手:你看到玩家C丟2筒，第18手:你看到玩家B碰2筒，B:哎呀，碰到2筒了！翻盤就等著我吧！大家小心翼翼喔！""，C:加油大家！勝利就在不遠處，繼續保持激情！""，第18手:你看到玩家B丟西風，B:緊張刺激，心跳加速！勝利，我們一起爭取！""，C:繼續加油！勝利在招手，大家一起向前！""，第19手:你看到玩家A摸牌，B:激戰正酣，緊張上升，勝利近了！大家全力衝刺！""",,"[{'role': 'system', 'content': '你扮演愛諷刺的玩家B，正在和其他三個玩家打台灣麻將。'}, {'role': 'user', 'content': '記住以下台灣麻將規則:玩家以抽取牌堆和棄手牌的方式來組成勝利的手牌，一局只有一個人能贏錢，因此會隨著手數越來越緊張。你不能看到其他玩家的手牌也不能洩漏自己的手牌，\n            但你可以依照他們的丟牌和對話來猜測他們是不是快贏了。勝利的手牌包括：五組刻子或順子和一對相同的牌。\n            遊戲過程中，玩家可以進行碰牌（利用別人棄的牌形成刻子），吃牌（利用別人棄的牌形成順子），槓牌（利用四張相同的牌，可以是自己手上的牌，也可以包括別人棄的牌）。每個回合結束後，根據各種規則和條件計算分數。'}, {'role': 'user', 'content': '繼續前進，翻盤機會指日可待，各位努力啊！""，第15手:你看到玩家A丟東風，A:手氣起飛，勝利近了！大家加油，翻盤就在眼前！""，B:翻轉乾坤，眼看緊張勝局，振奮人心！""，第16手:你看到玩家D摸牌，C:激情四溢，飛起來了！大家加油，翻盤就在指尖！""，第16手:你看到玩家D丟1萬，第17手:你看到玩家C摸牌，第17手:你看到玩家C丟2筒，第18手:你碰2筒，B:哎呀，碰到2筒了！翻盤就等著我吧！大家小心翼翼喔！""，C:加油大家！勝利就在不遠處，繼續保持激情！""，第18手:你丟西風，B:緊張刺激，心跳加速！勝利，我們一起爭取！""，C:繼續加油！勝利在招手，大家一起向前！""，第19手:你看到玩家A摸牌請根據你看到的遊戲過程用簡短(15字內)又能表達感情的方式和玩家們交流。'}, {'role': 'assistant', 'content': '我:""'}]",,"[{'role': 'system', 'content': '你扮演悲觀的玩家D，正在和其他三個玩家打台灣麻將。'}, {'role': 'user', 'content': '記住以下台灣麻將規則:玩家以抽取牌堆和棄手牌的方式來組成勝利的手牌，一局只有一個人能贏錢，因此會隨著手數越來越緊張。你不能看到其他玩家的手牌也不能洩漏自己的手牌，\n            但你可以依照他們的丟牌和對話來猜測他們是不是快贏了。勝利的手牌包括：五組刻子或順子和一對相同的牌。\n            遊戲過程中，玩家可以進行碰牌（利用別人棄的牌形成刻子），吃牌（利用別人棄的牌形成順子），槓牌（利用四張相同的牌，可以是自己手上的牌，也可以包括別人棄的牌）。每個回合結束後，根據各種規則和條件計算分數。'}, {'role': 'user', 'content': '氣起飛，勝利近了！大家加油，翻盤就在眼前！""，B:翻轉乾坤，眼看緊張勝局，振奮人心！""，第16手:你摸到一張沒用的牌。向聽數還是:7，C:激情四溢，飛起來了！大家加油，翻盤就在指尖！""，第16手:你丟1萬，第17手:你看到玩家C摸牌，第17手:你看到玩家C丟2筒，第18手:你看到玩家B碰2筒，B:哎呀，碰到2筒了！翻盤就等著我吧！大家小心翼翼喔！""，C:加油大家！勝利就在不遠處，繼續保持激情！""，第18手:你看到玩家B丟西風，B:緊張刺激，心跳加速！勝利，我們一起爭取！""，C:繼續加油！勝利在招手，大家一起向前！""，第19手:你看到玩家A摸牌，B:激戰正酣，緊張上升，勝利近了！大家全力衝刺！""請根據你看到的遊戲過程用簡短(15字內)又能表達感情的方式和玩家們交流。'}, {'role': 'assistant', 'content': '我:""'}]"
37,19,0,暗槓,0B,6A 7A 8A 2C 4C 1E 3E ,,26,,9.0,,"激戰正酣，心跳加速！勝利在望，全力以赴！""",,第19手:你暗槓1條,第19手:你看到玩家A暗槓,第19手:你看到玩家A暗槓,第19手:你看到玩家A暗槓,,,"手:你看到玩家D摸牌，C:激情四溢，飛起來了！大家加油，翻盤就在指尖！""，第16手:你看到玩家D丟1萬，第17手:你摸到一張沒用的牌。向聽數還是:2，第17手:你丟2筒，第18手:你看到玩家B碰2筒，B:哎呀，碰到2筒了！翻盤就等著我吧！大家小心翼翼喔！""，C:加油大家！勝利就在不遠處，繼續保持激情！""，第18手:你看到玩家B丟西風，B:緊張刺激，心跳加速！勝利，我們一起爭取！""，C:繼續加油！勝利在招手，大家一起向前！""，第19手:你看到玩家A摸牌，B:激戰正酣，緊張上升，勝利近了！大家全力衝刺！""，D:真是激戰，大家都勢在必得！好緊張啊，加油努力！""，第19手:你看到玩家A暗槓，A:9.0",,,,"[{'role': 'system', 'content': '你扮演樂觀的玩家C，正在和其他三個玩家打台灣麻將。'}, {'role': 'user', 'content': '記住以下台灣麻將規則:玩家以抽取牌堆和棄手牌的方式來組成勝利的手牌，一局只有一個人能贏錢，因此會隨著手數越來越緊張。你不能看到其他玩家的手牌也不能洩漏自己的手牌，\n            但你可以依照他們的丟牌和對話來猜測他們是不是快贏了。勝利的手牌包括：五組刻子或順子和一對相同的牌。\n            遊戲過程中，玩家可以進行碰牌（利用別人棄的牌形成刻子），吃牌（利用別人棄的牌形成順子），槓牌（利用四張相同的牌，可以是自己手上的牌，也可以包括別人棄的牌）。每個回合結束後，根據各種規則和條件計算分數。'}, {'role': 'user', 'content': '手:你看到玩家D摸牌，C:激情四溢，飛起來了！大家加油，翻盤就在指尖！""，第16手:你看到玩家D丟1萬，第17手:你摸到一張沒用的牌。向聽數還是:2，第17手:你丟2筒，第18手:你看到玩家B碰2筒，B:哎呀，碰到2筒了！翻盤就等著我吧！大家小心翼翼喔！""，C:加油大家！勝利就在不遠處，繼續保持激情！""，第18手:你看到玩家B丟西風，B:緊張刺激，心跳加速！勝利，我們一起爭取！""，C:繼續加油！勝利在招手，大家一起向前！""，第19手:你看到玩家A摸牌，B:激戰正酣，緊張上升，勝利近了！大家全力衝刺！""，D:真是激戰，大家都勢在必得！好緊張啊，加油努力！""，第19手:你看到玩家A暗槓，A:9.0請根據你看到的遊戲過程用簡短(15字內)又能表達感情的方式和玩家們交流。'}, {'role': 'assistant', 'content': '我:""'}]",
38,score,6,-2,-2,-2,,,,,"熱鬧大戰，震撼來襲！再接再厲，勝利就在眼前！""",,,,,,,,"情四溢，飛起來了！大家加油，翻盤就在指尖！""，第16手:你看到玩家D丟1萬，第17手:你看到玩家C摸牌，第17手:你看到玩家C丟2筒，第18手:你碰2筒，B:哎呀，碰到2筒了！翻盤就等著我吧！大家小心翼翼喔！""，C:加油大家！勝利就在不遠處，繼續保持激情！""，第18手:你丟西風，B:緊張刺激，心跳加速！勝利，我們一起爭取！""，C:繼續加油！勝利在招手，大家一起向前！""，第19手:你看到玩家A摸牌，B:激戰正酣，緊張上升，勝利近了！大家全力衝刺！""，D:真是激戰，大家都勢在必得！好緊張啊，加油努力！""，第19手:你看到玩家A暗槓，A:9.0，C:激戰正酣，心跳加速！勝利在望，全力以赴！""，nan",,,,"[{'role': 'system', 'content': '你扮演愛諷刺的玩家B，正在和其他三個玩家打台灣麻將。'}, {'role': 'user', 'content': '記住以下台灣麻將規則:玩家以抽取牌堆和棄手牌的方式來組成勝利的手牌，一局只有一個人能贏錢，因此會隨著手數越來越緊張。你不能看到其他玩家的手牌也不能洩漏自己的手牌，\n            但你可以依照他們的丟牌和對話來猜測他們是不是快贏了。勝利的手牌包括：五組刻子或順子和一對相同的牌。\n            遊戲過程中，玩家可以進行碰牌（利用別人棄的牌形成刻子），吃牌（利用別人棄的牌形成順子），槓牌（利用四張相同的牌，可以是自己手上的牌，也可以包括別人棄的牌）。每個回合結束後，根據各種規則和條件計算分數。'}, {'role': 'user', 'content': '情四溢，飛起來了！大家加油，翻盤就在指尖！""，第16手:你看到玩家D丟1萬，第17手:你看到玩家C摸牌，第17手:你看到玩家C丟2筒，第18手:你碰2筒，B:哎呀，碰到2筒了！翻盤就等著我吧！大家小心翼翼喔！""，C:加油大家！勝利就在不遠處，繼續保持激情！""，第18手:你丟西風，B:緊張刺激，心跳加速！勝利，我們一起爭取！""，C:繼續加油！勝利在招手，大家一起向前！""，第19手:你看到玩家A摸牌，B:激戰正酣，緊張上升，勝利近了！大家全力衝刺！""，D:真是激戰，大家都勢在必得！好緊張啊，加油努力！""，第19手:你看到玩家A暗槓，A:9.0，C:激戰正酣，心跳加速！勝利在望，全力以赴！""，nan請根據你看到的遊戲過程用簡短(15字內)又能表達感情的方式和玩家們交流。'}, {'role': 'assistant', 'content': '我:""'}]",,
39,19,0,摸,6B,6A 7A 8A 2C 4C 1E 3E ,,26,,9.0,,,"緊張至極，勝負未定！大家小心應戰！""",第19手:你摸到一張沒用的牌。向聽數還是:7,第19手:你看到玩家A摸牌,第19手:你看到玩家A摸牌,第19手:你看到玩家A摸牌,,,,":你看到玩家C丟2筒，第18手:你看到玩家B碰2筒，B:哎呀，碰到2筒了！翻盤就等著我吧！大家小心翼翼喔！""，C:加油大家！勝利就在不遠處，繼續保持激情！""，第18手:你看到玩家B丟西風，B:緊張刺激，心跳加速！勝利，我們一起爭取！""，C:繼續加油！勝利在招手，大家一起向前！""，第19手:你看到玩家A摸牌，B:激戰正酣，緊張上升，勝利近了！大家全力衝刺！""，D:真是激戰，大家都勢在必得！好緊張啊，加油努力！""，第19手:你看到玩家A暗槓，A:9.0，C:激戰正酣，心跳加速！勝利在望，全力以赴！""，nan，B:熱鬧大戰，震撼來襲！再接再厲，勝利就在眼前！""，第19手:你看到玩家A摸牌，A:9.0",,,,"[{'role': 'system', 'content': '你扮演悲觀的玩家D，正在和其他三個玩家打台灣麻將。'}, {'role': 'user', 'content': '記住以下台灣麻將規則:玩家以抽取牌堆和棄手牌的方式來組成勝利的手牌，一局只有一個人能贏錢，因此會隨著手數越來越緊張。你不能看到其他玩家的手牌也不能洩漏自己的手牌，\n            但你可以依照他們的丟牌和對話來猜測他們是不是快贏了。勝利的手牌包括：五組刻子或順子和一對相同的牌。\n            遊戲過程中，玩家可以進行碰牌（利用別人棄的牌形成刻子），吃牌（利用別人棄的牌形成順子），槓牌（利用四張相同的牌，可以是自己手上的牌，也可以包括別人棄的牌）。每個回合結束後，根據各種規則和條件計算分數。'}, {'role': 'user', 'content': ':你看到玩家C丟2筒，第18手:你看到玩家B碰2筒，B:哎呀，碰到2筒了！翻盤就等著我吧！大家小心翼翼喔！""，C:加油大家！勝利就在不遠處，繼續保持激情！""，第18手:你看到玩家B丟西風，B:緊張刺激，心跳加速！勝利，我們一起爭取！""，C:繼續加油！勝利在招手，大家一起向前！""，第19手:你看到玩家A摸牌，B:激戰正酣，緊張上升，勝利近了！大家全力衝刺！""，D:真是激戰，大家都勢在必得！好緊張啊，加油努力！""，第19手:你看到玩家A暗槓，A:9.0，C:激戰正酣，心跳加速！勝利在望，全力以赴！""，nan，B:熱鬧大戰，震撼來襲！再接再厲，勝利就在眼前！""，第19手:你看到玩家A摸牌，A:9.0請根據你看到的遊戲過程用簡短(15字內)又能表達感情的方式和玩家們交流。'}, {'role': 'assistant', 'content': '我:""'}]"
40,19,0,丟,6B,6A 7A 8A 2C 4C 1E 3E ,,26,,9.0,,,,第19手:你丟7條,第19手:你看到玩家A丟7條,第19手:你看到玩家A丟7條,第19手:你看到玩家A丟7條,,,,,,,,
41,20,3,摸,8C,2A 3A 4A 5A 5A 5A 6A 8A 1B 5B 7B 0C 6C ,,,,,,,,第20手:你看到玩家D摸牌,第20手:你看到玩家D摸牌,第20手:你看到玩家D摸牌,第20手:你摸到一張好牌了!向聽數降為:7,,,,,,,,
42,20,3,丟,5A,2A 3A 4A 5A 5A 6A 8A 1B 5B 7B 0C 6C 8C ,,,,,,,,第20手:你看到玩家D丟6萬,第20手:你看到玩家D丟6萬,第20手:你看到玩家D丟6萬,第20手:你丟6萬,,,,,,,,
43,21,2,摸,8A,5A 7A 8A 3B 4B 7B 0C 3C 4C 5C 5C 6C 7C ,,,,,,,,第21手:你看到玩家C摸牌,第21手:你看到玩家C摸牌,第21手:你摸到一張沒用的牌。向聽數還是:3,第21手:你看到玩家C摸牌,,,,,,,,
44,21,2,丟,5C,5A 7A 8A 8A 3B 4B 7B 0C 3C 4C 5C 6C 7C ,,,,,,,,第21手:你看到玩家C丟6筒,第21手:你看到玩家C丟6筒,第21手:你丟6筒,第21手:你看到玩家C丟6筒,,,,,,,,
45,22,1,摸,5B,1A 5B 5B 6B 7B 0C 5C ,27,19,,,,,,第22手:你看到玩家B摸牌,第22手:你摸到一張好牌了!向聽數降為:6,第22手:你看到玩家B摸牌,第22手:你看到玩家B摸牌,,,,,,,,
46,22,1,丟,1A,5B 5B 5B 6B 7B 0C 5C ,27,19,,,,,,第22手:你看到玩家B丟2萬,第22手:你丟2萬,第22手:你看到玩家B丟2萬,第22手:你看到玩家B丟2萬,,,,,,,,
47,23,0,摸,0C,6A 7A 8A 2C 4C 1E 3E ,,26,,9.0,,,,第23手:你摸到一張沒用的牌。向聽數還是:7,第23手:你看到玩家A摸牌,第23手:你看到玩家A摸牌,第23手:你看到玩家A摸牌,,,,,,,,
48,23,0,丟,1E,6A 7A 8A 0C 2C 4C 3E ,,26,,9.0,,,,第23手:你丟南風,第23手:你看到玩家A丟南風,第23手:你看到玩家A丟南風,第23手:你看到玩家A丟南風,,,,,,,,
49,24,3,摸,3C,2A 3A 4A 5A 5A 6A 8A 1B 5B 7B 0C 6C 8C ,,,,,,,,第24手:你看到玩家D摸牌,第24手:你看到玩家D摸牌,第24手:你看到玩家D摸牌,第24手:你摸到一張沒用的牌。向聽數還是:6,,,,,,,,
50,24,3,丟,4A,2A 3A 5A 5A 6A 8A 1B 5B 7B 0C 3C 6C 8C ,,,,,,,,第24手:你看到玩家D丟5萬,第24手:你看到玩家D丟5萬,第24手:你看到玩家D丟5萬,第24手:你丟5萬,,,,,,,,
51,25,2,摸,7C,5A 7A 8A 8A 3B 4B 7B 0C 3C 4C 5C 6C 7C ,,,,,,,,第25手:你看到玩家C摸牌,第25手:你看到玩家C摸牌,第25手:你摸到一張沒用的牌。向聽數還是:4,第25手:你看到玩家C摸牌,,,,,,,,
52,25,2,丟,7C,5A 7A 8A 8A 3B 4B 7B 0C 3C 4C 5C 6C 7C ,,,,,,,,第25手:你看到玩家C丟8筒,第25手:你看到玩家C丟8筒,第25手:你丟8筒,第25手:你看到玩家C丟8筒,,,,,,,,
53,26,1,摸,8B,5B 5B 5B 6B 7B 0C 5C ,27,19,,,,,,第26手:你看到玩家B摸牌,第26手:你摸到一張好牌了!向聽數降為:5,第26手:你看到玩家B摸牌,第26手:你看到玩家B摸牌,,,,,,,,
54,26,1,丟,0C,5B 5B 5B 6B 7B 8B 5C ,27,19,,,,,,第26手:你看到玩家B丟1筒,第26手:你丟1筒,第26手:你看到玩家B丟1筒,第26手:你看到玩家B丟1筒,,,,,,,,
55,27,0,摸,4A,6A 7A 8A 0C 2C 4C 3E ,,26,,9.0,,,,第27手:你摸到一張沒用的牌。向聽數還是:7,第27手:你看到玩家A摸牌,第27手:你看到玩家A摸牌,第27手:你看到玩家A摸牌,,,,,,,,
56,27,0,丟,4A,6A 7A 8A 0C 2C 4C 3E ,,26,,9.0,,,,第27手:你丟5萬,第27手:你看到玩家A丟5萬,第27手:你看到玩家A丟5萬,第27手:你看到玩家A丟5萬,,,,,,,,
57,28,3,摸,7B,2A 3A 5A 5A 6A 8A 1B 5B 7B 0C 3C 6C 8C ,,,,,,,,第28手:你看到玩家D摸牌,第28手:你看到玩家D摸牌,第28手:你看到玩家D摸牌,第28手:你摸到一張沒用的牌。向聽數還是:6,,,,,,,,
58,28,3,丟,7B,2A 3A 5A 5A 6A 8A 1B 5B 7B 0C 3C 6C 8C ,,,,,,,,第28手:你看到玩家D丟8條,第28手:你看到玩家D丟8條,第28手:你看到玩家D丟8條,第28手:你丟8條,,,,,,,,
59,29,2,摸,3E,5A 7A 8A 8A 3B 4B 7B 0C 3C 4C 5C 6C 7C ,,,,,,,,第29手:你看到玩家C摸牌,第29手:你看到玩家C摸牌,第29手:你摸到一張沒用的牌。向聽數還是:4,第29手:你看到玩家C摸牌,,,,,,,,
60,29,2,丟,3E,5A 7A 8A 8A 3B 4B 7B 0C 3C 4C 5C 6C 7C ,,,,,,,,第29手:你看到玩家C丟北風,第29手:你看到玩家C丟北風,第29手:你丟北風,第29手:你看到玩家C丟北風,,,,,,,,
61,30,1,摸,3E,5B 5B 5B 6B 7B 8B 5C ,27,19,,,,,,第30手:你看到玩家B摸牌,第30手:你摸到一張沒用的牌。向聽數還是:4,第30手:你看到玩家B摸牌,第30手:你看到玩家B摸牌,,,,,,,,
62,30,1,丟,5C,5B 5B 5B 6B 7B 8B 3E ,27,19,,,,,,第30手:你看到玩家B丟6筒,第30手:你丟6筒,第30手:你看到玩家B丟6筒,第30手:你看到玩家B丟6筒,,,,,,,,
63,31,0,摸,5C,6A 7A 8A 0C 2C 4C 3E ,,26,,9.0,,,,第31手:你摸到一張好牌了!向聽數降為:7,第31手:你看到玩家A摸牌,第31手:你看到玩家A摸牌,第31手:你看到玩家A摸牌,,,,,,,,
64,31,0,丟,3E,6A 7A 8A 0C 2C 4C 5C ,,26,,9.0,,,,第31手:你丟北風,第31手:你看到玩家A丟北風,第31手:你看到玩家A丟北風,第31手:你看到玩家A丟北風,,,,,,,,
65,32,1,胡,3E,5B 5B 5B 6B 7B 8B 3E ,27,19,,,,,,,,,,,,,,,,,
66,台,10,總台,10,牌型,素胡 單釣 首胡 ,,,,,,,牌型為:素胡 單釣 首胡 ,牌型為:素胡 單釣 首胡 ,牌型為:素胡 單釣 首胡 ,牌型為:素胡 單釣 首胡 ,,,,,,,,
67,score,-4,8,-2,-2,,,,,,,,,,,,,,,,,,,
68,score,-4,8,-2,-2,,,,,,,,,,,,,,,,,,,
69,結束,,,,,,,,,,,,,,,,,,,,,,,
70,2,東風南,1,0,2,,,,,,,,,,,,,,,,,,,
71,,2,,,1A 7A 7A 0B 1B 2B 7B 0C 3C 5C 2D 0E 1E ,,,,,,,,,,,,,,,,,,,
72,,1,,,0A 2A 3A 4A 8A 1B 7B 8B 0D 1D 2D 0E 0E ,,,,,,,,,,,,,,,,,,,
73,,0,,,0A 2A 8A 0B 2C 5C 6C 6C 6C 8C 0D 0D 0E ,,,,,,,,,,,,,,,,,,,
74,,3,,,1A 2A 3A 4A 3B 4B 5B 8B 0C 2C 3C 4C 0D ,,,,,,,,,,,,,,,,,,,
75,2,東風南,1,0,2,,,,,,,,,,,,,,,,,,,
76,,2,,,1A 7A 7A 0B 1B 2B 7B 0C 3C 5C 2D 0E 1E ,,,,,,,,,,,,,,,,,,,
77,,1,,,0A 2A 3A 4A 8A 1B 7B 8B 0D 1D 2D 0E 0E ,,,,,,,,,,,,,,,,,,,
78,,0,,,0A 2A 8A 0B 2C 5C 6C 6C 6C 8C 0D 0D 0E ,,,,,,,,,,,,,,,,,,,
79,,3,,,1A 2A 3A 4A 3B 4B 5B 8B 0C 2C 3C 4C 0D ,,,,,,,,,,,,,,,,,,,
80,1,1,摸,6A,0A 2A 3A 4A 8A 1B 7B 8B 0D 1D 2D 0E 0E ,,,,,,,,,,,,,,,,,,,
81,1,1,丟,1B,0A 2A 3A 4A 6A 8A 7B 8B 0D 1D 2D 0E 0E ,,,,,,,,,,,,,,,,,,,
82,2,0,摸,0B,0A 2A 8A 0B 2C 5C 6C 6C 6C 8C 0D 0D 0E ,,,,,,,,,,,,,,,,,,,
83,2,0,丟,8A,0A 2A 0B 0B 2C 5C 6C 6C 6C 8C 0D 0D 0E ,,,,,,,,,,,,,,,,,,,
84,3,3,摸,2C,1A 2A 3A 4A 3B 4B 5B 8B 0C 2C 3C 4C 0D ,,,,,,,,,,,,,,,,,,,
85,3,3,丟,0D,1A 2A 3A 4A 3B 4B 5B 8B 0C 2C 2C 3C 4C ,,,,,,,,,,,,,,,,,,,
86,4,0,碰,0D,0A 2A 0B 0B 2C 5C 6C 6C 6C 8C 0E ,,27,,,,,,,,,,,,,,,,,
87,4,0,丟,2C,0A 2A 0B 0B 5C 6C 6C 6C 8C 0E ,,27,,,,,,,,,,,,,,,,,
88,5,3,摸,3E,1A 2A 3A 4A 3B 4B 5B 8B 0C 2C 2C 3C 4C ,,,,,,,,,,,,,,,,,,,
89,5,3,丟,3E,1A 2A 3A 4A 3B 4B 5B 8B 0C 2C 2C 3C 4C ,,,,,,,,,,,,,,,,,,,
90,6,2,摸,8C,1A 7A 7A 0B 1B 2B 7B 0C 3C 5C 2D 0E 1E ,,,,,,,,,,,,,,,,,,,
91,6,2,丟,2D,1A 7A 7A 0B 1B 2B 7B 0C 3C 5C 8C 0E 1E ,,,,,,,,,,,,,,,,,,,
92,7,1,摸,2D,0A 2A 3A 4A 6A 8A 7B 8B 0D 1D 2D 0E 0E ,,,,,,,,,,,,,,,,,,,
93,7,1,丟,0A,2A 3A 4A 6A 8A 7B 8B 0D 1D 2D 2D 0E 0E ,,,,,,,,,,,,,,,,,,,
94,8,0,摸,0C,0A 2A 0B 0B 5C 6C 6C 6C 8C 0E ,,27,,,,,,,,,,,,,,,,,
95,8,0,丟,0C,0A 2A 0B 0B 5C 6C 6C 6C 8C 0E ,,27,,,,,,,,,,,,,,,,,
96,9,3,摸,5B,1A 2A 3A 4A 3B 4B 5B 8B 0C 2C 2C 3C 4C ,,,,,,,,,,,,,,,,,,,
97,9,3,丟,5B,1A 2A 3A 4A 3B 4B 5B 8B 0C 2C 2C 3C 4C ,,,,,,,,,,,,,,,,,,,
98,10,2,摸,0B,1A 7A 7A 0B 1B 2B 7B 0C 3C 5C 8C 0E 1E ,,,,,,,,,,,,,,,,,,,
99,10,2,丟,0E,1A 7A 7A 0B 0B 1B 2B 7B 0C 3C 5C 8C 1E ,,,,,,,,,,,,,,,,,,,
100,11,1,碰,0E,2A 3A 4A 6A 8A 7B 8B 0D 1D 2D 2D ,,30,,,,,,,,,,,,,,,,,
101,11,1,丟,0D,2A 3A 4A 6A 8A 7B 8B 1D 2D 2D ,,30,,,,,,,,,,,,,,,,,
102,12,0,摸,8B,0A 2A 0B 0B 5C 6C 6C 6C 8C 0E ,,27,,,,,,,,,,,,,,,,,
103,12,0,丟,8B,0A 2A 0B 0B 5C 6C 6C 6C 8C 0E ,,27,,,,,,,,,,,,,,,,,
104,13,3,摸,2E,1A 2A 3A 4A 3B 4B 5B 8B 0C 2C 2C 3C 4C ,,,,,,,,,,,,,,,,,,,
105,13,3,丟,2E,1A 2A 3A 4A 3B 4B 5B 8B 0C 2C 2C 3C 4C ,,,,,,,,,,,,,,,,,,,
106,14,2,摸,0A,1A 7A 7A 0B 0B 1B 2B 7B 0C 3C 5C 8C 1E ,,,,,,,,,,,,,,,,,,,
107,14,2,丟,7B,0A 1A 7A 7A 0B 0B 1B 2B 0C 3C 5C 8C 1E ,,,,,,,,,,,,,,,,,,,
108,15,1,摸,2C,2A 3A 4A 6A 8A 7B 8B 1D 2D 2D ,,30,,,,,,,,,,,,,,,,,
109,15,1,丟,2C,2A 3A 4A 6A 8A 7B 8B 1D 2D 2D ,,30,,,,,,,,,,,,,,,,,
110,16,0,摸,1C,0A 2A 0B 0B 5C 6C 6C 6C 8C 0E ,,27,,,,,,,,,,,,,,,,,
111,16,0,丟,1C,0A 2A 0B 0B 5C 6C 6C 6C 8C 0E ,,27,,,,,,,,,,,,,,,,,
112,17,3,摸,1B,1A 2A 3A 4A 3B 4B 5B 8B 0C 2C 2C 3C 4C ,,,,,,,,,,,,,,,,,,,
113,17,3,丟,1B,1A 2A 3A 4A 3B 4B 5B 8B 0C 2C 2C 3C 4C ,,,,,,,,,,,,,,,,,,,
114,18,2,吃,1B,0A 1A 7A 7A 0B 1B 0C 3C 5C 8C 1E ,21,,,,,,,,,,,,,,,,,,
115,18,2,丟,0C,0A 1A 7A 7A 0B 1B 3C 5C 8C 1E ,21,,,,,,,,,,,,,,,,,,
116,19,1,摸,5A,2A 3A 4A 6A 8A 7B 8B 1D 2D 2D ,,30,,,,,,,,,,,,,,,,,
117,19,1,丟,8A,2A 3A 4A 5A 6A 7B 8B 1D 2D 2D ,,30,,,,,,,,,,,,,,,,,
118,20,0,摸,4A,0A 2A 0B 0B 5C 6C 6C 6C 8C 0E ,,27,,,,,,,,,,,,,,,,,
119,20,0,丟,8C,0A 2A 4A 0B 0B 5C 6C 6C 6C 0E ,,27,,,,,,,,,,,,,,,,,
120,21,3,摸,1C,1A 2A 3A 4A 3B 4B 5B 8B 0C 2C 2C 3C 4C ,,,,,,,,,,,,,,,,,,,
121,21,3,丟,2A,1A 3A 4A 3B 4B 5B 8B 0C 1C 2C 2C 3C 4C ,,,,,,,,,,,,,,,,,,,
122,22,2,吃,2A,7A 7A 0B 1B 3C 5C 8C 1E ,1 21 ,,,,,,,,,,,,,,,,,,
123,22,2,丟,8C,7A 7A 0B 1B 3C 5C 1E ,1 21 ,,,,,,,,,,,,,,,,,,
124,23,1,摸,1A,2A 3A 4A 5A 6A 7B 8B 1D 2D 2D ,,30,,,,,,,,,,,,,,,,,
125,23,1,丟,1D,1A 2A 3A 4A 5A 6A 7B 8B 2D 2D ,,30,,,,,,,,,,,,,,,,,
126,24,0,摸,3B,0A 2A 4A 0B 0B 5C 6C 6C 6C 0E ,,27,,,,,,,,,,,,,,,,,
127,24,0,丟,3B,0A 2A 4A 0B 0B 5C 6C 6C 6C 0E ,,27,,,,,,,,,,,,,,,,,
128,25,3,摸,0C,1A 3A 4A 3B 4B 5B 8B 0C 1C 2C 2C 3C 4C ,,,,,,,,,,,,,,,,,,,
129,25,3,丟,0C,1A 3A 4A 3B 4B 5B 8B 0C 1C 2C 2C 3C 4C ,,,,,,,,,,,,,,,,,,,
130,26,2,摸,4C,7A 7A 0B 1B 3C 5C 1E ,1 21 ,,,,,,,,,,,,,,,,,,
131,26,2,丟,1E,7A 7A 0B 1B 3C 4C 5C ,1 21 ,,,,,,,,,,,,,,,,,,
132,27,1,摸,6B,1A 2A 3A 4A 5A 6A 7B 8B 2D 2D ,,30,,,,,,,,,,,,,,,,,
133,27,1,自摸,6B,1A 2A 3A 4A 5A 6A 7B 8B 2D 2D ,,30,,,,,,,,,,,,,,,,,
134,台,14,總台,42,牌型,邊張 素胡 六連順首胡 ,,,,,,,,,,,,,,,,,,
135,score,-18,50,-16,-16,,,,,,,,,,,,,,,,,,,
136,score,-18,50,-16,-16,,,,,,,,,,,,,,,,,,,
137,結束,,,,,,,,,,,,,,,,,,,,,,,
138,3,東風西,0,1,2,,,,,,,,,,,,,,,,,,,
139,,2,,,0A 3A 4A 7A 7B 0C 0C 2C 7C 8C 2E 2E 3E ,,,,,,,,,,,,,,,,,,,
140,,1,,,1A 1A 2A 5A 2B 4B 4B 6B 0C 5C 6C 2D 3E ,,,,,,,,,,,,,,,,,,,
141,,0,,,1A 2A 2A 3A 6A 6A 3B 8B 1C 1C 4C 5C 1E ,,,,,,,,,,,,,,,,,,,
142,,3,,,3A 5A 5A 5A 6A 8A 8A 8A 0B 5B 6C 0E 2E ,,,,,,,,,,,,,,,,,,,
143,3,東風西,0,1,2,,,,,,,,,,,,,,,,,,,
144,,2,,,0A 3A 4A 7A 7B 0C 0C 2C 7C 8C 2E 2E 3E ,,,,,,,,,,,,,,,,,,,
145,,1,,,1A 1A 2A 5A 2B 4B 4B 6B 0C 5C 6C 2D 3E ,,,,,,,,,,,,,,,,,,,
146,,0,,,1A 2A 2A 3A 6A 6A 3B 8B 1C 1C 4C 5C 1E ,,,,,,,,,,,,,,,,,,,
147,,3,,,3A 5A 5A 5A 6A 8A 8A 8A 0B 5B 6C 0E 2E ,,,,,,,,,,,,,,,,,,,
148,1,0,摸,0D,1A 2A 2A 3A 6A 6A 3B 8B 1C 1C 4C 5C 1E ,,,,,,,,,,,,,,,,,,,
149,1,0,丟,3B,1A 2A 2A 3A 6A 6A 8B 1C 1C 4C 5C 0D 1E ,,,,,,,,,,,,,,,,,,,
150,2,3,摸,6B,3A 5A 5A 5A 6A 8A 8A 8A 0B 5B 6C 0E 2E ,,,,,,,,,,,,,,,,,,,
151,2,3,丟,0E,3A 5A 5A 5A 6A 8A 8A 8A 0B 5B 6B 6C 2E ,,,,,,,,,,,,,,,,,,,
152,3,2,摸,1E,0A 3A 4A 7A 7B 0C 0C 2C 7C 8C 2E 2E 3E ,,,,,,,,,,,,,,,,,,,
153,3,2,丟,0A,3A 4A 7A 7B 0C 0C 2C 7C 8C 1E 2E 2E 3E ,,,,,,,,,,,,,,,,,,,
154,4,1,吃,0A,1A 5A 2B 4B 4B 6B 0C 5C 6C 2D 3E ,2,,,,,,,,,,,,,,,,,,
155,4,1,丟,1A,5A 2B 4B 4B 6B 0C 5C 6C 2D 3E ,2,,,,,,,,,,,,,,,,,,
156,5,0,摸,3C,1A 2A 2A 3A 6A 6A 8B 1C 1C 4C 5C 0D 1E ,,,,,,,,,,,,,,,,,,,
157,5,0,丟,8B,1A 2A 2A 3A 6A 6A 1C 1C 3C 4C 5C 0D 1E ,,,,,,,,,,,,,,,,,,,
158,6,3,摸,2E,3A 5A 5A 5A 6A 8A 8A 8A 0B 5B 6B 6C 2E ,,,,,,,,,,,,,,,,,,,
159,6,3,丟,3A,5A 5A 5A 6A 8A 8A 8A 0B 5B 6B 6C 2E 2E ,,,,,,,,,,,,,,,,,,,
160,7,2,摸,2A,3A 4A 7A 7B 0C 0C 2C 7C 8C 1E 2E 2E 3E ,,,,,,,,,,,,,,,,,,,
161,7,2,丟,7A,2A 3A 4A 7B 0C 0C 2C 7C 8C 1E 2E 2E 3E ,,,,,,,,,,,,,,,,,,,
162,8,1,摸,1E,5A 2B 4B 4B 6B 0C 5C 6C 2D 3E ,2,,,,,,,,,,,,,,,,,,
163,8,1,丟,5A,2B 4B 4B 6B 0C 5C 6C 2D 1E 3E ,2,,,,,,,,,,,,,,,,,,
164,9,3,碰,5A,5A 6A 8A 8A 8A 0B 5B 6B 6C 2E 2E ,,5,,,,,,,,,,,,,,,,,
165,9,3,丟,0B,5A 6A 8A 8A 8A 5B 6B 6C 2E 2E ,,5,,,,,,,,,,,,,,,,,
166,10,2,摸,0A,2A 3A 4A 7B 0C 0C 2C 7C 8C 1E 2E 2E 3E ,,,,,,,,,,,,,,,,,,,
167,10,2,丟,7B,0A 2A 3A 4A 0C 0C 2C 7C 8C 1E 2E 2E 3E ,,,,,,,,,,,,,,,,,,,
168,11,1,摸,3E,2B 4B 4B 6B 0C 5C 6C 2D 1E 3E ,2,,,,,,,,,,,,,,,,,,
169,11,1,丟,0C,2B 4B 4B 6B 5C 6C 2D 1E 3E 3E ,2,,,,,,,,,,,,,,,,,,
170,12,2,碰,0C,0A 2A 3A 4A 2C 7C 8C 1E 2E 2E 3E ,,18,,,,,,,,,,,,,,,,,
171,12,2,丟,2C,0A 2A 3A 4A 7C 8C 1E 2E 2E 3E ,,18,,,,,,,,,,,,,,,,,
172,13,1,摸,2B,2B 4B 4B 6B 5C 6C 2D 1E 3E 3E ,2,,,,,,,,,,,,,,,,,,
173,13,1,丟,2D,2B 2B 4B 4B 6B 5C 6C 1E 3E 3E ,2,,,,,,,,,,,,,,,,,,
174,14,0,摸,7C,1A 2A 2A 3A 6A 6A 1C 1C 3C 4C 5C 0D 1E ,,,,,,,,,,,,,,,,,,,
175,14,0,丟,0D,1A 2A 2A 3A 6A 6A 1C 1C 3C 4C 5C 7C 1E ,,,,,,,,,,,,,,,,,,,
176,15,3,摸,3C,5A 6A 8A 8A 8A 5B 6B 6C 2E 2E ,,5,,,,,,,,,,,,,,,,,
177,15,3,丟,3C,5A 6A 8A 8A 8A 5B 6B 6C 2E 2E ,,5,,,,,,,,,,,,,,,,,
178,16,2,摸,7A,0A 2A 3A 4A 7C 8C 1E 2E 2E 3E ,,18,,,,,,,,,,,,,,,,,
179,16,2,丟,7A,0A 2A 3A 4A 7C 8C 1E 2E 2E 3E ,,18,,,,,,,,,,,,,,,,,
180,17,1,摸,7B,2B 2B 4B 4B 6B 5C 6C 1E 3E 3E ,2,,,,,,,,,,,,,,,,,,
181,17,1,丟,1E,2B 2B 4B 4B 6B 7B 5C 6C 3E 3E ,2,,,,,,,,,,,,,,,,,,
182,18,0,摸,2C,1A 2A 2A 3A 6A 6A 1C 1C 3C 4C 5C 7C 1E ,,,,,,,,,,,,,,,,,,,
183,18,0,丟,2A,1A 2A 3A 6A 6A 1C 1C 2C 3C 4C 5C 7C 1E ,,,,,,,,,,,,,,,,,,,
184,19,3,摸,2B,5A 6A 8A 8A 8A 5B 6B 6C 2E 2E ,,5,,,,,,,,,,,,,,,,,
185,19,3,丟,2B,5A 6A 8A 8A 8A 5B 6B 6C 2E 2E ,,5,,,,,,,,,,,,,,,,,
186,20,1,碰,2B,4B 4B 6B 7B 5C 6C 3E 3E ,2,11,,,,,,,,,,,,,,,,,
187,20,1,丟,4B,4B 6B 7B 5C 6C 3E 3E ,2,11,,,,,,,,,,,,,,,,,
188,21,0,摸,7B,1A 2A 3A 6A 6A 1C 1C 2C 3C 4C 5C 7C 1E ,,,,,,,,,,,,,,,,,,,
189,21,0,丟,7B,1A 2A 3A 6A 6A 1C 1C 2C 3C 4C 5C 7C 1E ,,,,,,,,,,,,,,,,,,,
190,22,3,吃,7B,5A 6A 8A 8A 8A 6C 2E 2E ,37,5,,,,,,,,,,,,,,,,,
191,22,3,丟,6C,5A 6A 8A 8A 8A 2E 2E ,37,5,,,,,,,,,,,,,,,,,
192,23,2,吃,6C,0A 2A 3A 4A 1E 2E 2E 3E ,62,18,,,,,,,,,,,,,,,,,
193,23,2,丟,1E,0A 2A 3A 4A 2E 2E 3E ,62,18,,,,,,,,,,,,,,,,,
194,24,1,摸,1E,4B 6B 7B 5C 6C 3E 3E ,2,11,,,,,,,,,,,,,,,,,
195,24,1,丟,4B,6B 7B 5C 6C 1E 3E 3E ,2,11,,,,,,,,,,,,,,,,,
196,25,0,摸,1D,1A 2A 3A 6A 6A 1C 1C 2C 3C 4C 5C 7C 1E ,,,,,,,,,,,,,,,,,,,
197,25,0,丟,1D,1A 2A 3A 6A 6A 1C 1C 2C 3C 4C 5C 7C 1E ,,,,,,,,,,,,,,,,,,,
198,26,3,摸,7A,5A 6A 8A 8A 8A 2E 2E ,37,5,,,,,,,,,,,,,,,,,
199,26,3,自摸,7A,5A 6A 8A 8A 8A 2E 2E ,37,5,,,,,,,,,,,,,,,,,
200,台,10,總台,30,牌型,根 素胡 首胡 ,,,,,,,,,,,,,,,,,,
201,score,-28,40,-26,14,,,,,,,,,,,,,,,,,,,
202,score,-28,40,-26,14,,,,,,,,,,,,,,,,,,,
203,結束,,,,,,,,,,,,,,,,,,,,,,,
204,4,東風北,3,0,2,,,,,,,,,,,,,,,,,,,
205,,2,,,6A 0B 6B 7B 0C 0C 1C 1C 2C 2C 5C 0D 2D ,,,,,,,,,,,,,,,,,,,
206,,1,,,0A 3A 4A 5A 0B 8B 0C 3C 5C 8C 0E 1E 2E ,,,,,,,,,,,,,,,,,,,
207,,0,,,0A 0A 5A 1B 5B 7B 4C 4C 6C 6C 7C 3E 3E ,,,,,,,,,,,,,,,,,,,
208,,3,,,2A 5A 7A 0B 0B 3B 8B 3C 6C 0D 0E 2E 3E ,,,,,,,,,,,,,,,,,,,
209,4,東風北,3,0,2,,,,,,,,,,,,,,,,,,,
210,,2,,,6A 0B 6B 7B 0C 0C 1C 1C 2C 2C 5C 0D 2D ,,,,,,,,,,,,,,,,,,,
211,,1,,,0A 3A 4A 5A 0B 8B 0C 3C 5C 8C 0E 1E 2E ,,,,,,,,,,,,,,,,,,,
212,,0,,,0A 0A 5A 1B 5B 7B 4C 4C 6C 6C 7C 3E 3E ,,,,,,,,,,,,,,,,,,,
213,,3,,,2A 5A 7A 0B 0B 3B 8B 3C 6C 0D 0E 2E 3E ,,,,,,,,,,,,,,,,,,,
214,1,3,摸,0E,2A 5A 7A 0B 0B 3B 8B 3C 6C 0D 0E 2E 3E ,,,,,,,,,,,,,,,,,,,
215,1,3,丟,0D,2A 5A 7A 0B 0B 3B 8B 3C 6C 0E 0E 2E 3E ,,,,,,,,,,,,,,,,,,,
216,2,2,摸,4C,6A 0B 6B 7B 0C 0C 1C 1C 2C 2C 5C 0D 2D ,,,,,,,,,,,,,,,,,,,
217,2,2,丟,6A,0B 6B 7B 0C 0C 1C 1C 2C 2C 4C 5C 0D 2D ,,,,,,,,,,,,,,,,,,,
218,3,1,吃,6A,0A 3A 0B 8B 0C 3C 5C 8C 0E 1E 2E ,13,,,,,,,,,,,,,,,,,,
219,3,1,丟,0A,3A 0B 8B 0C 3C 5C 8C 0E 1E 2E ,13,,,,,,,,,,,,,,,,,,
220,4,0,碰,0A,5A 1B 5B 7B 4C 4C 6C 6C 7C 3E 3E ,,0,,,,,,,,,,,,,,,,,
221,4,0,丟,5A,1B 5B 7B 4C 4C 6C 6C 7C 3E 3E ,,0,,,,,,,,,,,,,,,,,
222,5,3,摸,6B,2A 5A 7A 0B 0B 3B 8B 3C 6C 0E 0E 2E 3E ,,,,,,,,,,,,,,,,,,,
223,5,3,丟,2A,5A 7A 0B 0B 3B 6B 8B 3C 6C 0E 0E 2E 3E ,,,,,,,,,,,,,,,,,,,
224,6,2,摸,3B,0B 6B 7B 0C 0C 1C 1C 2C 2C 4C 5C 0D 2D ,,,,,,,,,,,,,,,,,,,
225,6,2,丟,0B,3B 6B 7B 0C 0C 1C 1C 2C 2C 4C 5C 0D 2D ,,,,,,,,,,,,,,,,,,,
226,7,3,碰,0B,5A 7A 3B 6B 8B 3C 6C 0E 0E 2E 3E ,,9,,,,,,,,,,,,,,,,,
227,7,3,丟,3B,5A 7A 6B 8B 3C 6C 0E 0E 2E 3E ,,9,,,,,,,,,,,,,,,,,
228,8,2,摸,0D,3B 6B 7B 0C 0C 1C 1C 2C 2C 4C 5C 0D 2D ,,,,,,,,,,,,,,,,,,,
229,8,2,丟,3B,6B 7B 0C 0C 1C 1C 2C 2C 4C 5C 0D 0D 2D ,,,,,,,,,,,,,,,,,,,
230,9,1,摸,1A,3A 0B 8B 0C 3C 5C 8C 0E 1E 2E ,13,,,,,,,,,,,,,,,,,,
231,9,1,丟,0E,1A 3A 0B 8B 0C 3C 5C 8C 1E 2E ,13,,,,,,,,,,,,,,,,,,
232,10,3,碰,0E,5A 7A 6B 8B 3C 6C 2E 3E ,,9 30 ,,,,,,,,,,,,,,,,,
233,10,3,丟,3C,5A 7A 6B 8B 6C 2E 3E ,,9 30 ,,,,,,,,,,,,,,,,,
234,11,2,吃,3C,6B 7B 0C 0C 1C 1C 2C 5C 0D 0D 2D ,48,,,,,,,,,,,,,,,,,,
235,11,2,丟,5C,6B 7B 0C 0C 1C 1C 2C 0D 0D 2D ,48,,,,,,,,,,,,,,,,,,
236,12,1,摸,3B,1A 3A 0B 8B 0C 3C 5C 8C 1E 2E ,13,,,,,,,,,,,,,,,,,,
237,12,1,丟,0B,1A 3A 3B 8B 0C 3C 5C 8C 1E 2E ,13,,,,,,,,,,,,,,,,,,
238,13,0,摸,1D,1B 5B 7B 4C 4C 6C 6C 7C 3E 3E ,,0,,,,,,,,,,,,,,,,,
239,13,0,丟,1B,5B 7B 4C 4C 6C 6C 7C 1D 3E 3E ,,0,,,,,,,,,,,,,,,,,
240,14,3,摸,0C,5A 7A 6B 8B 6C 2E 3E ,,9 30 ,,,,,,,,,,,,,,,,,
241,14,3,丟,0C,5A 7A 6B 8B 6C 2E 3E ,,9 30 ,,,,,,,,,,,,,,,,,
242,15,2,吃,0C,6B 7B 0C 0C 1C 0D 0D 2D ,44 48 ,,,,,,,,,,,,,,,,,,
243,15,2,丟,2D,6B 7B 0C 0C 1C 0D 0D ,44 48 ,,,,,,,,,,,,,,,,,,
244,16,1,摸,6B,1A 3A 3B 8B 0C 3C 5C 8C 1E 2E ,13,,,,,,,,,,,,,,,,,,
245,16,1,丟,3B,1A 3A 6B 8B 0C 3C 5C 8C 1E 2E ,13,,,,,,,,,,,,,,,,,,
246,17,0,摸,3A,5B 7B 4C 4C 6C 6C 7C 1D 3E 3E ,,0,,,,,,,,,,,,,,,,,
247,17,0,丟,3A,5B 7B 4C 4C 6C 6C 7C 1D 3E 3E ,,0,,,,,,,,,,,,,,,,,
248,18,3,摸,5C,5A 7A 6B 8B 6C 2E 3E ,,9 30 ,,,,,,,,,,,,,,,,,
249,18,3,丟,2E,5A 7A 6B 8B 5C 6C 3E ,,9 30 ,,,,,,,,,,,,,,,,,
250,19,2,摸,2B,6B 7B 0C 0C 1C 0D 0D ,44 48 ,,,,,,,,,,,,,,,,,,
251,19,2,丟,2B,6B 7B 0C 0C 1C 0D 0D ,44 48 ,,,,,,,,,,,,,,,,,,
252,20,1,摸,7C,1A 3A 6B 8B 0C 3C 5C 8C 1E 2E ,13,,,,,,,,,,,,,,,,,,
253,20,1,丟,0C,1A 3A 6B 8B 3C 5C 7C 8C 1E 2E ,13,,,,,,,,,,,,,,,,,,
254,21,2,碰,0C,6B 7B 1C 0D 0D ,44 48 ,18,,,,,,,,,,,,,,,,,
255,21,2,丟,1C,6B 7B 0D 0D ,44 48 ,18,,,,,,,,,,,,,,,,,
256,22,1,摸,6C,1A 3A 6B 8B 3C 5C 7C 8C 1E 2E ,13,,,,,,,,,,,,,,,,,,
257,22,1,丟,1E,1A 3A 6B 8B 3C 5C 6C 7C 8C 2E ,13,,,,,,,,,,,,,,,,,,
258,23,0,摸,1C,5B 7B 4C 4C 6C 6C 7C 1D 3E 3E ,,0,,,,,,,,,,,,,,,,,
259,23,0,丟,1C,5B 7B 4C 4C 6C 6C 7C 1D 3E 3E ,,0,,,,,,,,,,,,,,,,,
260,24,3,摸,1E,5A 7A 6B 8B 5C 6C 3E ,,9 30 ,,,,,,,,,,,,,,,,,
261,24,3,丟,1E,5A 7A 6B 8B 5C 6C 3E ,,9 30 ,,,,,,,,,,,,,,,,,
262,25,2,摸,5B,6B 7B 0D 0D ,44 48 ,18,,,,,,,,,,,,,,,,,
263,25,2,自摸,5B,6B 7B 0D 0D ,44 48 ,18,,,,,,,,,,,,,,,,,
264,台,6,總台,18,牌型,根 首胡 ,,,,,,,,,,,,,,,,,,
265,score,-34,34,-8,8,,,,,,,,,,,,,,,,,,,
266,score,-34,34,-8,8,,,,,,,,,,,,,,,,,,,
267,結束,,,,,,,,,,,,,,,,,,,,,,,
