,手數,玩家,行為,進張,手牌,吃,碰,槓,talkA,talkB,talkC,talkD,questionA,questionB,questionC,questionD,messageA,messageB,messageC,messageD,promptA,promptB,promptC,promptD,Total_messageA,Total_messageB,Total_messageC,Total_messageD
0,1,2,摸,5A,3A 8A 3B 3B 4B 7B 0C 4C 5C 6C 7C 0D 1D ,,,,「哇靠，C又摸牌了，我感覺我快成爛牌一條街了！」,「哇，A你要是再這樣說，我可要把你當成爛牌丟掉了！」,「唉呀，這摸到的牌真是冷，我都快成爛牌一條街了！」,「我看到C摸牌，感覺自己快成廢牌了啦！」「唉呀，那你還不快去抓牌啊！不然我們都要輸光啦！」,"1. 玩家C摸了哪張牌？ 
2. 玩家C的動作代表他的手牌可能是什麼？
3. 我應該以什麼樣的策略來應對玩家C的動作？","1. 為什麼玩家B覺得自己手牌爛？
2. 為什麼玩家C摸牌會引起玩家A的評論？
3. 為什麼玩家B使用了「一條街」這個詞彙來形容自己的手牌？","1. 聽牌數與各玩家的手牌情況是什麼？ 
2. 玩家A為何會覺得自己的牌爛？ 
3. 玩家B為何想把A當成爛牌丟掉？","1. 為什麼玩家D這麼悲觀？是否因為手牌比較差？

2. 為什麼其他玩家也都在講爛牌一條街？整個局面的情況是否真的很不利？

3. 在這樣的情況下，玩家們應該採取什麼策略來提高勝率？",第1輪:你看到玩家C摸牌,第1輪:你看到玩家C摸牌,第1手:你摸到一張沒用的牌。向聽數還是:5,第1輪:你看到玩家C摸牌,，第1輪:你看到玩家C摸牌,，第1輪:你看到玩家C摸牌，A:「哇靠，C又摸牌了，我感覺我快成爛牌一條街了！」,，第1手:你摸到一張沒用的牌。向聽數還是:5，A:「哇靠，C又摸牌了，我感覺我快成爛牌一條街了！」，B:「哇，A你要是再這樣說，我可要把你當成爛牌丟掉了！」,，第1輪:你看到玩家C摸牌，A:「哇靠，C又摸牌了，我感覺我快成爛牌一條街了！」，B:「哇，A你要是再這樣說，我可要把你當成爛牌丟掉了！」，C:「唉呀，這摸到的牌真是冷，我都快成爛牌一條街了！」,"[{'role': 'system', 'content': '你扮演悲觀的玩家D，正在和其他三個玩家打台灣麻將。'}, {'role': 'system', 'content': '以下為台灣麻將規則:玩家以抽取牌堆和棄手牌的方式來組成勝利的手牌，一局只有一個人能贏錢，因此會隨著手數越來越緊張。你不能看到其他玩家的手牌也不能洩漏自己的手牌，\n            但你可以依照他們的丟牌和對話來猜測他們是不是快贏了。勝利的手牌包括：五組刻子或順子和一對相同的牌。\n            遊戲過程中，玩家可以進行碰牌（利用別人棄的牌形成刻子），吃牌（利用別人棄的牌形成順子），槓牌（利用四張相同的牌，可以是自己手上的牌，也可以包括別人棄的牌）來降低向聽數。'}, {'role': 'user', 'content': '以下是一個台灣麻將遊戲場景:”，第2輪:你看到玩家B丟紅中，A:""哇，B，你壞壞哦，丟了紅中還想贏嗎？""，B:""嘿，我這手牌在各位眼中果然就是一堆垃圾啊，像紅中一樣沒用，不過我還是要願賭服輸，誰說垃圾不可以翻身成寶啊！""，C:""哈哈哈，大家都這麼會抱怨啊，不如我們來猜猜看彼此的手牌，然後一起享受這場猜謎遊戲吧！""，D:""哎呀，你們這些假文藝青年，這是麻將不是文藝比賽，趕快摸牌吧！""，第3輪:你看到玩家A摸牌，A:""哎呀，我的向聽數降了，現在我要掀桌子了啦！""，B:""哈哈，你們這些怕死鬼，還不敢碰我的牌！快來碰啊，我可是大方的嘞！""，C:""B，你說的沒錯，垃圾也可以翻身成寶啊！但是你這手牌還是有點像垃圾啦，不要太自信啊！""，你和玩家們正在進行激烈的比賽。請為這個場景生成一個簡短的、帶有俚語和幽默語言的對話來表達你的情緒和互動。請確保只生成對話且只有一到兩句。'}, {'role': 'assistant', 'content': '我會說:'}]","[{'role': 'system', 'content': '你扮演悲觀的玩家D，正在和其他三個玩家打台灣麻將。'}, {'role': 'system', 'content': '以下為台灣麻將規則:玩家以抽取牌堆和棄手牌的方式來組成勝利的手牌，一局只有一個人能贏錢，因此會隨著手數越來越緊張。你不能看到其他玩家的手牌也不能洩漏自己的手牌，\n            但你可以依照他們的丟牌和對話來猜測他們是不是快贏了。勝利的手牌包括：五組刻子或順子和一對相同的牌。\n            遊戲過程中，玩家可以進行碰牌（利用別人棄的牌形成刻子），吃牌（利用別人棄的牌形成順子），槓牌（利用四張相同的牌，可以是自己手上的牌，也可以包括別人棄的牌）來降低向聽數。'}, {'role': 'user', 'content': '以下是一個台灣麻將遊戲場景:”，第2輪:你看到玩家B丟紅中，A:""哇，B，你壞壞哦，丟了紅中還想贏嗎？""，B:""嘿，我這手牌在各位眼中果然就是一堆垃圾啊，像紅中一樣沒用，不過我還是要願賭服輸，誰說垃圾不可以翻身成寶啊！""，C:""哈哈哈，大家都這麼會抱怨啊，不如我們來猜猜看彼此的手牌，然後一起享受這場猜謎遊戲吧！""，D:""哎呀，你們這些假文藝青年，這是麻將不是文藝比賽，趕快摸牌吧！""，第3輪:你看到玩家A摸牌，A:""哎呀，我的向聽數降了，現在我要掀桌子了啦！""，B:""哈哈，你們這些怕死鬼，還不敢碰我的牌！快來碰啊，我可是大方的嘞！""，C:""B，你說的沒錯，垃圾也可以翻身成寶啊！但是你這手牌還是有點像垃圾啦，不要太自信啊！""，你和玩家們正在進行激烈的比賽。請為這個場景生成一個簡短的、帶有俚語和幽默語言的對話來表達你的情緒和互動。請確保只生成對話且只有一到兩句。'}, {'role': 'assistant', 'content': '我會說:'}]","[{'role': 'system', 'content': '你扮演悲觀的玩家D，正在和其他三個玩家打台灣麻將。'}, {'role': 'system', 'content': '以下為台灣麻將規則:玩家以抽取牌堆和棄手牌的方式來組成勝利的手牌，一局只有一個人能贏錢，因此會隨著手數越來越緊張。你不能看到其他玩家的手牌也不能洩漏自己的手牌，\n            但你可以依照他們的丟牌和對話來猜測他們是不是快贏了。勝利的手牌包括：五組刻子或順子和一對相同的牌。\n            遊戲過程中，玩家可以進行碰牌（利用別人棄的牌形成刻子），吃牌（利用別人棄的牌形成順子），槓牌（利用四張相同的牌，可以是自己手上的牌，也可以包括別人棄的牌）來降低向聽數。'}, {'role': 'user', 'content': '以下是一個台灣麻將遊戲場景:”，第2輪:你看到玩家B丟紅中，A:""哇，B，你壞壞哦，丟了紅中還想贏嗎？""，B:""嘿，我這手牌在各位眼中果然就是一堆垃圾啊，像紅中一樣沒用，不過我還是要願賭服輸，誰說垃圾不可以翻身成寶啊！""，C:""哈哈哈，大家都這麼會抱怨啊，不如我們來猜猜看彼此的手牌，然後一起享受這場猜謎遊戲吧！""，D:""哎呀，你們這些假文藝青年，這是麻將不是文藝比賽，趕快摸牌吧！""，第3輪:你看到玩家A摸牌，A:""哎呀，我的向聽數降了，現在我要掀桌子了啦！""，B:""哈哈，你們這些怕死鬼，還不敢碰我的牌！快來碰啊，我可是大方的嘞！""，C:""B，你說的沒錯，垃圾也可以翻身成寶啊！但是你這手牌還是有點像垃圾啦，不要太自信啊！""，你和玩家們正在進行激烈的比賽。請為這個場景生成一個簡短的、帶有俚語和幽默語言的對話來表達你的情緒和互動。請確保只生成對話且只有一到兩句。'}, {'role': 'assistant', 'content': '我會說:'}]","[{'role': 'system', 'content': '你扮演悲觀的玩家D，正在和其他三個玩家打台灣麻將。'}, {'role': 'system', 'content': '以下為台灣麻將規則:玩家以抽取牌堆和棄手牌的方式來組成勝利的手牌，一局只有一個人能贏錢，因此會隨著手數越來越緊張。你不能看到其他玩家的手牌也不能洩漏自己的手牌，\n            但你可以依照他們的丟牌和對話來猜測他們是不是快贏了。勝利的手牌包括：五組刻子或順子和一對相同的牌。\n            遊戲過程中，玩家可以進行碰牌（利用別人棄的牌形成刻子），吃牌（利用別人棄的牌形成順子），槓牌（利用四張相同的牌，可以是自己手上的牌，也可以包括別人棄的牌）來降低向聽數。'}, {'role': 'user', 'content': '以下是一個台灣麻將遊戲場景:”，第2輪:你看到玩家B丟紅中，A:""哇，B，你壞壞哦，丟了紅中還想贏嗎？""，B:""嘿，我這手牌在各位眼中果然就是一堆垃圾啊，像紅中一樣沒用，不過我還是要願賭服輸，誰說垃圾不可以翻身成寶啊！""，C:""哈哈哈，大家都這麼會抱怨啊，不如我們來猜猜看彼此的手牌，然後一起享受這場猜謎遊戲吧！""，D:""哎呀，你們這些假文藝青年，這是麻將不是文藝比賽，趕快摸牌吧！""，第3輪:你看到玩家A摸牌，A:""哎呀，我的向聽數降了，現在我要掀桌子了啦！""，B:""哈哈，你們這些怕死鬼，還不敢碰我的牌！快來碰啊，我可是大方的嘞！""，C:""B，你說的沒錯，垃圾也可以翻身成寶啊！但是你這手牌還是有點像垃圾啦，不要太自信啊！""，你和玩家們正在進行激烈的比賽。請為這個場景生成一個簡短的、帶有俚語和幽默語言的對話來表達你的情緒和互動。請確保只生成對話且只有一到兩句。'}, {'role': 'assistant', 'content': '我會說:'}]"
1,1,2,丟,0D,3A 5A 8A 3B 3B 4B 7B 0C 4C 5C 6C 7C 1D ,,,,A: 「哎呀，C你這是搞什麼啊，我手上的牌簡直比你那個紅中還要紅啊！」,B: 嘿，你們看C摸牌的表情，他想必是摸到鬼了！,「唉呀，摸到這麼爛的牌，我現在向聽數都要跟我的身高一樣高了！」,D: 唉呀，這牌型讓我心情比藍月亮還藍。,"1. 玩家們的手牌情況如何？是否有爛牌或廢牌，以及如何提升自己的手牌優勢？
2. 玩家C丟出紅中的舉動是否顯示他的牌型或出牌策略？其他玩家是否能從中獲得任何提示或信息？
3. 玩家們的對話和互動中是否有其他提示或信息，例如他們的態度、戲謔或輕鬆氛圍是否會影響遊戲結果？","1. 玩家之間的互動和溝通如何影響他們在遊戲中的表現？ 
2. 玩家A和C在遊戲中的失敗是否與他們的態度和言語有關？ 
3. 玩家D如何通過主動行動來提高自己在遊戲中的表現？","1. 為什麼A和D會認為自己的牌很爛，而B則認為C摸到了鬼牌？
2. 為什麼C摸到的牌被認為是冷牌？
3. 為什麼A和B對C的丟牌有如此強烈的反應？","1. 這些玩家的牌局表現是否有所不同，有什麼因素造成了他們之間的差異？

2. 玩家的情緒和態度是否會影響他們的遊戲表現？他們之間的互動是否會影響局勢？

3. 在這樣的情況下，玩家D悲觀的態度是否會對他的遊戲表現和結果產生負面影響？",第1輪:你看到玩家C丟紅中,第1輪:你看到玩家C丟紅中,第1手:你丟紅中,第1輪:你看到玩家C丟紅中,，第1輪:你看到玩家C摸牌，A:「哇靠，C又摸牌了，我感覺我快成爛牌一條街了！」，B:「哇，A你要是再這樣說，我可要把你當成爛牌丟掉了！」，C:「唉呀，這摸到的牌真是冷，我都快成爛牌一條街了！」，D:「我看到C摸牌，感覺自己快成廢牌了啦！」「唉呀，那你還不快去抓牌啊！不然我們都要輸光啦！」，第1輪:你看到玩家C丟紅中,，第1輪:你看到玩家C摸牌，A:「哇靠，C又摸牌了，我感覺我快成爛牌一條街了！」，B:「哇，A你要是再這樣說，我可要把你當成爛牌丟掉了！」，C:「唉呀，這摸到的牌真是冷，我都快成爛牌一條街了！」，D:「我看到C摸牌，感覺自己快成廢牌了啦！」「唉呀，那你還不快去抓牌啊！不然我們都要輸光啦！」，第1輪:你看到玩家C丟紅中，A:A: 「哎呀，C你這是搞什麼啊，我手上的牌簡直比你那個紅中還要紅啊！」,，第1手:你摸到一張沒用的牌。向聽數還是:5，A:「哇靠，C又摸牌了，我感覺我快成爛牌一條街了！」，B:「哇，A你要是再這樣說，我可要把你當成爛牌丟掉了！」，C:「唉呀，這摸到的牌真是冷，我都快成爛牌一條街了！」，D:「我看到C摸牌，感覺自己快成廢牌了啦！」「唉呀，那你還不快去抓牌啊！不然我們都要輸光啦！」，第1手:你丟紅中，A:A: 「哎呀，C你這是搞什麼啊，我手上的牌簡直比你那個紅中還要紅啊！」，B:B: 嘿，你們看C摸牌的表情，他想必是摸到鬼了！,，第1輪:你看到玩家C摸牌，A:「哇靠，C又摸牌了，我感覺我快成爛牌一條街了！」，B:「哇，A你要是再這樣說，我可要把你當成爛牌丟掉了！」，C:「唉呀，這摸到的牌真是冷，我都快成爛牌一條街了！」，D:「我看到C摸牌，感覺自己快成廢牌了啦！」「唉呀，那你還不快去抓牌啊！不然我們都要輸光啦！」，第1輪:你看到玩家C丟紅中，A:A: 「哎呀，C你這是搞什麼啊，我手上的牌簡直比你那個紅中還要紅啊！」，B:B: 嘿，你們看C摸牌的表情，他想必是摸到鬼了！，C:「唉呀，摸到這麼爛的牌，我現在向聽數都要跟我的身高一樣高了！」,"[{'role': 'system', 'content': '你扮演悲觀的玩家D，正在和其他三個玩家打台灣麻將。'}, {'role': 'system', 'content': '以下為台灣麻將規則:玩家以抽取牌堆和棄手牌的方式來組成勝利的手牌，一局只有一個人能贏錢，因此會隨著手數越來越緊張。你不能看到其他玩家的手牌也不能洩漏自己的手牌，\n            但你可以依照他們的丟牌和對話來猜測他們是不是快贏了。勝利的手牌包括：五組刻子或順子和一對相同的牌。\n            遊戲過程中，玩家可以進行碰牌（利用別人棄的牌形成刻子），吃牌（利用別人棄的牌形成順子），槓牌（利用四張相同的牌，可以是自己手上的牌，也可以包括別人棄的牌）來降低向聽數。'}, {'role': 'user', 'content': '以下是一個台灣麻將遊戲場景:”，第2輪:你看到玩家B丟紅中，A:""哇，B，你壞壞哦，丟了紅中還想贏嗎？""，B:""嘿，我這手牌在各位眼中果然就是一堆垃圾啊，像紅中一樣沒用，不過我還是要願賭服輸，誰說垃圾不可以翻身成寶啊！""，C:""哈哈哈，大家都這麼會抱怨啊，不如我們來猜猜看彼此的手牌，然後一起享受這場猜謎遊戲吧！""，D:""哎呀，你們這些假文藝青年，這是麻將不是文藝比賽，趕快摸牌吧！""，第3輪:你看到玩家A摸牌，A:""哎呀，我的向聽數降了，現在我要掀桌子了啦！""，B:""哈哈，你們這些怕死鬼，還不敢碰我的牌！快來碰啊，我可是大方的嘞！""，C:""B，你說的沒錯，垃圾也可以翻身成寶啊！但是你這手牌還是有點像垃圾啦，不要太自信啊！""，你和玩家們正在進行激烈的比賽。請為這個場景生成一個簡短的、帶有俚語和幽默語言的對話來表達你的情緒和互動。請確保只生成對話且只有一到兩句。'}, {'role': 'assistant', 'content': '我會說:'}]","[{'role': 'system', 'content': '你扮演悲觀的玩家D，正在和其他三個玩家打台灣麻將。'}, {'role': 'system', 'content': '以下為台灣麻將規則:玩家以抽取牌堆和棄手牌的方式來組成勝利的手牌，一局只有一個人能贏錢，因此會隨著手數越來越緊張。你不能看到其他玩家的手牌也不能洩漏自己的手牌，\n            但你可以依照他們的丟牌和對話來猜測他們是不是快贏了。勝利的手牌包括：五組刻子或順子和一對相同的牌。\n            遊戲過程中，玩家可以進行碰牌（利用別人棄的牌形成刻子），吃牌（利用別人棄的牌形成順子），槓牌（利用四張相同的牌，可以是自己手上的牌，也可以包括別人棄的牌）來降低向聽數。'}, {'role': 'user', 'content': '以下是一個台灣麻將遊戲場景:”，第2輪:你看到玩家B丟紅中，A:""哇，B，你壞壞哦，丟了紅中還想贏嗎？""，B:""嘿，我這手牌在各位眼中果然就是一堆垃圾啊，像紅中一樣沒用，不過我還是要願賭服輸，誰說垃圾不可以翻身成寶啊！""，C:""哈哈哈，大家都這麼會抱怨啊，不如我們來猜猜看彼此的手牌，然後一起享受這場猜謎遊戲吧！""，D:""哎呀，你們這些假文藝青年，這是麻將不是文藝比賽，趕快摸牌吧！""，第3輪:你看到玩家A摸牌，A:""哎呀，我的向聽數降了，現在我要掀桌子了啦！""，B:""哈哈，你們這些怕死鬼，還不敢碰我的牌！快來碰啊，我可是大方的嘞！""，C:""B，你說的沒錯，垃圾也可以翻身成寶啊！但是你這手牌還是有點像垃圾啦，不要太自信啊！""，你和玩家們正在進行激烈的比賽。請為這個場景生成一個簡短的、帶有俚語和幽默語言的對話來表達你的情緒和互動。請確保只生成對話且只有一到兩句。'}, {'role': 'assistant', 'content': '我會說:'}]","[{'role': 'system', 'content': '你扮演悲觀的玩家D，正在和其他三個玩家打台灣麻將。'}, {'role': 'system', 'content': '以下為台灣麻將規則:玩家以抽取牌堆和棄手牌的方式來組成勝利的手牌，一局只有一個人能贏錢，因此會隨著手數越來越緊張。你不能看到其他玩家的手牌也不能洩漏自己的手牌，\n            但你可以依照他們的丟牌和對話來猜測他們是不是快贏了。勝利的手牌包括：五組刻子或順子和一對相同的牌。\n            遊戲過程中，玩家可以進行碰牌（利用別人棄的牌形成刻子），吃牌（利用別人棄的牌形成順子），槓牌（利用四張相同的牌，可以是自己手上的牌，也可以包括別人棄的牌）來降低向聽數。'}, {'role': 'user', 'content': '以下是一個台灣麻將遊戲場景:”，第2輪:你看到玩家B丟紅中，A:""哇，B，你壞壞哦，丟了紅中還想贏嗎？""，B:""嘿，我這手牌在各位眼中果然就是一堆垃圾啊，像紅中一樣沒用，不過我還是要願賭服輸，誰說垃圾不可以翻身成寶啊！""，C:""哈哈哈，大家都這麼會抱怨啊，不如我們來猜猜看彼此的手牌，然後一起享受這場猜謎遊戲吧！""，D:""哎呀，你們這些假文藝青年，這是麻將不是文藝比賽，趕快摸牌吧！""，第3輪:你看到玩家A摸牌，A:""哎呀，我的向聽數降了，現在我要掀桌子了啦！""，B:""哈哈，你們這些怕死鬼，還不敢碰我的牌！快來碰啊，我可是大方的嘞！""，C:""B，你說的沒錯，垃圾也可以翻身成寶啊！但是你這手牌還是有點像垃圾啦，不要太自信啊！""，你和玩家們正在進行激烈的比賽。請為這個場景生成一個簡短的、帶有俚語和幽默語言的對話來表達你的情緒和互動。請確保只生成對話且只有一到兩句。'}, {'role': 'assistant', 'content': '我會說:'}]","[{'role': 'system', 'content': '你扮演悲觀的玩家D，正在和其他三個玩家打台灣麻將。'}, {'role': 'system', 'content': '以下為台灣麻將規則:玩家以抽取牌堆和棄手牌的方式來組成勝利的手牌，一局只有一個人能贏錢，因此會隨著手數越來越緊張。你不能看到其他玩家的手牌也不能洩漏自己的手牌，\n            但你可以依照他們的丟牌和對話來猜測他們是不是快贏了。勝利的手牌包括：五組刻子或順子和一對相同的牌。\n            遊戲過程中，玩家可以進行碰牌（利用別人棄的牌形成刻子），吃牌（利用別人棄的牌形成順子），槓牌（利用四張相同的牌，可以是自己手上的牌，也可以包括別人棄的牌）來降低向聽數。'}, {'role': 'user', 'content': '以下是一個台灣麻將遊戲場景:”，第2輪:你看到玩家B丟紅中，A:""哇，B，你壞壞哦，丟了紅中還想贏嗎？""，B:""嘿，我這手牌在各位眼中果然就是一堆垃圾啊，像紅中一樣沒用，不過我還是要願賭服輸，誰說垃圾不可以翻身成寶啊！""，C:""哈哈哈，大家都這麼會抱怨啊，不如我們來猜猜看彼此的手牌，然後一起享受這場猜謎遊戲吧！""，D:""哎呀，你們這些假文藝青年，這是麻將不是文藝比賽，趕快摸牌吧！""，第3輪:你看到玩家A摸牌，A:""哎呀，我的向聽數降了，現在我要掀桌子了啦！""，B:""哈哈，你們這些怕死鬼，還不敢碰我的牌！快來碰啊，我可是大方的嘞！""，C:""B，你說的沒錯，垃圾也可以翻身成寶啊！但是你這手牌還是有點像垃圾啦，不要太自信啊！""，你和玩家們正在進行激烈的比賽。請為這個場景生成一個簡短的、帶有俚語和幽默語言的對話來表達你的情緒和互動。請確保只生成對話且只有一到兩句。'}, {'role': 'assistant', 'content': '我會說:'}]"
2,2,1,摸,1E,1A 2B 4B 5B 6B 0C 1C 1C 5C 8C 0D 2D 2E ,,,,「哇喔，B又摸牌了，看來我們都要競爭誰能先變成真正的爛牌王了！」,B:「嘿，你們看D的表情，他的手牌比他的體重還輕啊！」,「哎呀，這場比賽真是緊張刺激啊！我現在的手牌比網速還慢呢！」,D: 「唉呀，我手牌比這場比賽還要慘啊，看來只有祈禱下一張牌能幫我翻身了！」,"1. 這些玩家的牌局狀況如何？他們的牌好還是不好？
2. 玩家們之間的互動如何？他們之間的關係如何？
3. 玩家們的策略和技巧如何？他們有採取什麼方法來贏得遊戲嗎？","1. 這場台灣麻將遊戲中，各個玩家的牌手情況如何？他們是否遇到了困難或挑戰？
2. 玩家們在遊戲中是否存在嘲諷和競爭的情況？這是否影響了他們的遊戲體驗或結果？
3. 關於每個玩家的牌手情況和遊戲互動，我們可以從中了解到什麼關於台灣麻將遊戲的特點或文化？","1. 為什麼玩家C的牌這麼差，其他玩家的牌卻看起來不錯？
2. 玩家D為什麼會那麼沮喪，他的牌是怎麼一回事？
3. 玩家B的牌怎麼樣了？他有什麼反應？","1. 在這場台灣麻將比賽中，四位玩家的牌局狀況如何？ 
2. 這些玩家之間的互動和討論有何特點？ 
3. 這場比賽中有什麼常見的麻將策略和技巧？",第2輪:你看到玩家B摸牌,第2手:你摸到一張沒用的牌。向聽數還是:5,第2輪:你看到玩家B摸牌,第2輪:你看到玩家B摸牌,，第1輪:你看到玩家C摸牌，A:「哇靠，C又摸牌了，我感覺我快成爛牌一條街了！」，B:「哇，A你要是再這樣說，我可要把你當成爛牌丟掉了！」，C:「唉呀，這摸到的牌真是冷，我都快成爛牌一條街了！」，D:「我看到C摸牌，感覺自己快成廢牌了啦！」「唉呀，那你還不快去抓牌啊！不然我們都要輸光啦！」，第1輪:你看到玩家C丟紅中，A:A: 「哎呀，C你這是搞什麼啊，我手上的牌簡直比你那個紅中還要紅啊！」，B:B: 嘿，你們看C摸牌的表情，他想必是摸到鬼了！，C:「唉呀，摸到這麼爛的牌，我現在向聽數都要跟我的身高一樣高了！」，D:D: 唉呀，這牌型讓我心情比藍月亮還藍。，第2輪:你看到玩家B摸牌,！」，B:「哇，A你要是再這樣說，我可要把你當成爛牌丟掉了！」，C:「唉呀，這摸到的牌真是冷，我都快成爛牌一條街了！」，D:「我看到C摸牌，感覺自己快成廢牌了啦！」「唉呀，那你還不快去抓牌啊！不然我們都要輸光啦！」，第1輪:你看到玩家C丟紅中，A:A: 「哎呀，C你這是搞什麼啊，我手上的牌簡直比你那個紅中還要紅啊！」，B:B: 嘿，你們看C摸牌的表情，他想必是摸到鬼了！，C:「唉呀，摸到這麼爛的牌，我現在向聽數都要跟我的身高一樣高了！」，D:D: 唉呀，這牌型讓我心情比藍月亮還藍。，第2手:你摸到一張沒用的牌。向聽數還是:5，A:「哇喔，B又摸牌了，看來我們都要競爭誰能先變成真正的爛牌王了！」,，我可要把你當成爛牌丟掉了！」，C:「唉呀，這摸到的牌真是冷，我都快成爛牌一條街了！」，D:「我看到C摸牌，感覺自己快成廢牌了啦！」「唉呀，那你還不快去抓牌啊！不然我們都要輸光啦！」，第1手:你丟紅中，A:A: 「哎呀，C你這是搞什麼啊，我手上的牌簡直比你那個紅中還要紅啊！」，B:B: 嘿，你們看C摸牌的表情，他想必是摸到鬼了！，C:「唉呀，摸到這麼爛的牌，我現在向聽數都要跟我的身高一樣高了！」，D:D: 唉呀，這牌型讓我心情比藍月亮還藍。，第2輪:你看到玩家B摸牌，A:「哇喔，B又摸牌了，看來我們都要競爭誰能先變成真正的爛牌王了！」，B:B:「嘿，你們看D的表情，他的手牌比他的體重還輕啊！」,條街了！」，D:「我看到C摸牌，感覺自己快成廢牌了啦！」「唉呀，那你還不快去抓牌啊！不然我們都要輸光啦！」，第1輪:你看到玩家C丟紅中，A:A: 「哎呀，C你這是搞什麼啊，我手上的牌簡直比你那個紅中還要紅啊！」，B:B: 嘿，你們看C摸牌的表情，他想必是摸到鬼了！，C:「唉呀，摸到這麼爛的牌，我現在向聽數都要跟我的身高一樣高了！」，D:D: 唉呀，這牌型讓我心情比藍月亮還藍。，第2輪:你看到玩家B摸牌，A:「哇喔，B又摸牌了，看來我們都要競爭誰能先變成真正的爛牌王了！」，B:B:「嘿，你們看D的表情，他的手牌比他的體重還輕啊！」，C:「哎呀，這場比賽真是緊張刺激啊！我現在的手牌比網速還慢呢！」,"[{'role': 'system', 'content': '你扮演悲觀的玩家D，正在和其他三個玩家打台灣麻將。'}, {'role': 'system', 'content': '以下為台灣麻將規則:玩家以抽取牌堆和棄手牌的方式來組成勝利的手牌，一局只有一個人能贏錢，因此會隨著手數越來越緊張。你不能看到其他玩家的手牌也不能洩漏自己的手牌，\n            但你可以依照他們的丟牌和對話來猜測他們是不是快贏了。勝利的手牌包括：五組刻子或順子和一對相同的牌。\n            遊戲過程中，玩家可以進行碰牌（利用別人棄的牌形成刻子），吃牌（利用別人棄的牌形成順子），槓牌（利用四張相同的牌，可以是自己手上的牌，也可以包括別人棄的牌）來降低向聽數。'}, {'role': 'user', 'content': '以下是一個台灣麻將遊戲場景:”，第2輪:你看到玩家B丟紅中，A:""哇，B，你壞壞哦，丟了紅中還想贏嗎？""，B:""嘿，我這手牌在各位眼中果然就是一堆垃圾啊，像紅中一樣沒用，不過我還是要願賭服輸，誰說垃圾不可以翻身成寶啊！""，C:""哈哈哈，大家都這麼會抱怨啊，不如我們來猜猜看彼此的手牌，然後一起享受這場猜謎遊戲吧！""，D:""哎呀，你們這些假文藝青年，這是麻將不是文藝比賽，趕快摸牌吧！""，第3輪:你看到玩家A摸牌，A:""哎呀，我的向聽數降了，現在我要掀桌子了啦！""，B:""哈哈，你們這些怕死鬼，還不敢碰我的牌！快來碰啊，我可是大方的嘞！""，C:""B，你說的沒錯，垃圾也可以翻身成寶啊！但是你這手牌還是有點像垃圾啦，不要太自信啊！""，你和玩家們正在進行激烈的比賽。請為這個場景生成一個簡短的、帶有俚語和幽默語言的對話來表達你的情緒和互動。請確保只生成對話且只有一到兩句。'}, {'role': 'assistant', 'content': '我會說:'}]","[{'role': 'system', 'content': '你扮演悲觀的玩家D，正在和其他三個玩家打台灣麻將。'}, {'role': 'system', 'content': '以下為台灣麻將規則:玩家以抽取牌堆和棄手牌的方式來組成勝利的手牌，一局只有一個人能贏錢，因此會隨著手數越來越緊張。你不能看到其他玩家的手牌也不能洩漏自己的手牌，\n            但你可以依照他們的丟牌和對話來猜測他們是不是快贏了。勝利的手牌包括：五組刻子或順子和一對相同的牌。\n            遊戲過程中，玩家可以進行碰牌（利用別人棄的牌形成刻子），吃牌（利用別人棄的牌形成順子），槓牌（利用四張相同的牌，可以是自己手上的牌，也可以包括別人棄的牌）來降低向聽數。'}, {'role': 'user', 'content': '以下是一個台灣麻將遊戲場景:”，第2輪:你看到玩家B丟紅中，A:""哇，B，你壞壞哦，丟了紅中還想贏嗎？""，B:""嘿，我這手牌在各位眼中果然就是一堆垃圾啊，像紅中一樣沒用，不過我還是要願賭服輸，誰說垃圾不可以翻身成寶啊！""，C:""哈哈哈，大家都這麼會抱怨啊，不如我們來猜猜看彼此的手牌，然後一起享受這場猜謎遊戲吧！""，D:""哎呀，你們這些假文藝青年，這是麻將不是文藝比賽，趕快摸牌吧！""，第3輪:你看到玩家A摸牌，A:""哎呀，我的向聽數降了，現在我要掀桌子了啦！""，B:""哈哈，你們這些怕死鬼，還不敢碰我的牌！快來碰啊，我可是大方的嘞！""，C:""B，你說的沒錯，垃圾也可以翻身成寶啊！但是你這手牌還是有點像垃圾啦，不要太自信啊！""，你和玩家們正在進行激烈的比賽。請為這個場景生成一個簡短的、帶有俚語和幽默語言的對話來表達你的情緒和互動。請確保只生成對話且只有一到兩句。'}, {'role': 'assistant', 'content': '我會說:'}]","[{'role': 'system', 'content': '你扮演悲觀的玩家D，正在和其他三個玩家打台灣麻將。'}, {'role': 'system', 'content': '以下為台灣麻將規則:玩家以抽取牌堆和棄手牌的方式來組成勝利的手牌，一局只有一個人能贏錢，因此會隨著手數越來越緊張。你不能看到其他玩家的手牌也不能洩漏自己的手牌，\n            但你可以依照他們的丟牌和對話來猜測他們是不是快贏了。勝利的手牌包括：五組刻子或順子和一對相同的牌。\n            遊戲過程中，玩家可以進行碰牌（利用別人棄的牌形成刻子），吃牌（利用別人棄的牌形成順子），槓牌（利用四張相同的牌，可以是自己手上的牌，也可以包括別人棄的牌）來降低向聽數。'}, {'role': 'user', 'content': '以下是一個台灣麻將遊戲場景:”，第2輪:你看到玩家B丟紅中，A:""哇，B，你壞壞哦，丟了紅中還想贏嗎？""，B:""嘿，我這手牌在各位眼中果然就是一堆垃圾啊，像紅中一樣沒用，不過我還是要願賭服輸，誰說垃圾不可以翻身成寶啊！""，C:""哈哈哈，大家都這麼會抱怨啊，不如我們來猜猜看彼此的手牌，然後一起享受這場猜謎遊戲吧！""，D:""哎呀，你們這些假文藝青年，這是麻將不是文藝比賽，趕快摸牌吧！""，第3輪:你看到玩家A摸牌，A:""哎呀，我的向聽數降了，現在我要掀桌子了啦！""，B:""哈哈，你們這些怕死鬼，還不敢碰我的牌！快來碰啊，我可是大方的嘞！""，C:""B，你說的沒錯，垃圾也可以翻身成寶啊！但是你這手牌還是有點像垃圾啦，不要太自信啊！""，你和玩家們正在進行激烈的比賽。請為這個場景生成一個簡短的、帶有俚語和幽默語言的對話來表達你的情緒和互動。請確保只生成對話且只有一到兩句。'}, {'role': 'assistant', 'content': '我會說:'}]","[{'role': 'system', 'content': '你扮演悲觀的玩家D，正在和其他三個玩家打台灣麻將。'}, {'role': 'system', 'content': '以下為台灣麻將規則:玩家以抽取牌堆和棄手牌的方式來組成勝利的手牌，一局只有一個人能贏錢，因此會隨著手數越來越緊張。你不能看到其他玩家的手牌也不能洩漏自己的手牌，\n            但你可以依照他們的丟牌和對話來猜測他們是不是快贏了。勝利的手牌包括：五組刻子或順子和一對相同的牌。\n            遊戲過程中，玩家可以進行碰牌（利用別人棄的牌形成刻子），吃牌（利用別人棄的牌形成順子），槓牌（利用四張相同的牌，可以是自己手上的牌，也可以包括別人棄的牌）來降低向聽數。'}, {'role': 'user', 'content': '以下是一個台灣麻將遊戲場景:”，第2輪:你看到玩家B丟紅中，A:""哇，B，你壞壞哦，丟了紅中還想贏嗎？""，B:""嘿，我這手牌在各位眼中果然就是一堆垃圾啊，像紅中一樣沒用，不過我還是要願賭服輸，誰說垃圾不可以翻身成寶啊！""，C:""哈哈哈，大家都這麼會抱怨啊，不如我們來猜猜看彼此的手牌，然後一起享受這場猜謎遊戲吧！""，D:""哎呀，你們這些假文藝青年，這是麻將不是文藝比賽，趕快摸牌吧！""，第3輪:你看到玩家A摸牌，A:""哎呀，我的向聽數降了，現在我要掀桌子了啦！""，B:""哈哈，你們這些怕死鬼，還不敢碰我的牌！快來碰啊，我可是大方的嘞！""，C:""B，你說的沒錯，垃圾也可以翻身成寶啊！但是你這手牌還是有點像垃圾啦，不要太自信啊！""，你和玩家們正在進行激烈的比賽。請為這個場景生成一個簡短的、帶有俚語和幽默語言的對話來表達你的情緒和互動。請確保只生成對話且只有一到兩句。'}, {'role': 'assistant', 'content': '我會說:'}]"
3,2,1,丟,0D,1A 2B 4B 5B 6B 0C 1C 1C 5C 8C 2D 1E 2E ,,,,「嘿嘿，看來B又要變成抽獎機了！大家快來搶他的爛牌啊！」,「哇，這場比賽讓我向聽數一路飆升，感覺比跑馬拉松還要累啊！」,"C: 「我的手牌比冰箱裡的東西還要冷啊，快點來個糟糕的牌堆吧！」
B: 「哈哈，現在我的向聽數比我身高還要高了，感覺自己像是在爬山！」",D: 「哎呀，我的向聽數比我年齡還要大了，看來我只能祈禱下一張牌能讓我變成麻將神了！」,"1. 玩家們的手牌狀況如何？是否有機會組成好牌型？
2. 比賽中玩家之間的互動如何？是否存在競爭或幽默的氛圍？
3. 玩家在遊戲中的心情如何？是否有情緒波動或挫折感？","1. 這些玩家的牌技和策略如何？他們能否在遊戲中獲勝？ 
2. 這場麻將遊戲的氣氛和情緒是怎樣的？玩家們對於自己的牌手和牌型有何感受？ 
3. 遊戲中是否有玩家表現得更出色或更差勁？他們的牌手和牌型為什麼會讓其他玩家開一些諷刺的玩笑？","1. 玩家們的手牌狀況是否影響了他們的遊戲情緒？ 
2. 玩家們之間是否有競爭心態，並且會互相嘲諷或開玩笑？ 
3. 玩家們在遊戲中的經驗和技巧是否對遊戲結果產生影響？","1. 玩家在這場比賽中的表現如何？ 
2. 牌局的緊張程度和戰略性如何？ 
3. 玩家對於自己的手牌和向聽數的反應如何？",第2輪:你看到玩家B丟紅中,第2手:你丟紅中,第2輪:你看到玩家B丟紅中,第2輪:你看到玩家B丟紅中,1輪:你看到玩家C丟紅中，A:A: 「哎呀，C你這是搞什麼啊，我手上的牌簡直比你那個紅中還要紅啊！」，B:B: 嘿，你們看C摸牌的表情，他想必是摸到鬼了！，C:「唉呀，摸到這麼爛的牌，我現在向聽數都要跟我的身高一樣高了！」，D:D: 唉呀，這牌型讓我心情比藍月亮還藍。，第2輪:你看到玩家B摸牌，A:「哇喔，B又摸牌了，看來我們都要競爭誰能先變成真正的爛牌王了！」，B:B:「嘿，你們看D的表情，他的手牌比他的體重還輕啊！」，C:「哎呀，這場比賽真是緊張刺激啊！我現在的手牌比網速還慢呢！」，D:D: 「唉呀，我手牌比這場比賽還要慘啊，看來只有祈禱下一張牌能幫我翻身了！」，第2輪:你看到玩家B丟紅中,牌簡直比你那個紅中還要紅啊！」，B:B: 嘿，你們看C摸牌的表情，他想必是摸到鬼了！，C:「唉呀，摸到這麼爛的牌，我現在向聽數都要跟我的身高一樣高了！」，D:D: 唉呀，這牌型讓我心情比藍月亮還藍。，第2手:你摸到一張沒用的牌。向聽數還是:5，A:「哇喔，B又摸牌了，看來我們都要競爭誰能先變成真正的爛牌王了！」，B:B:「嘿，你們看D的表情，他的手牌比他的體重還輕啊！」，C:「哎呀，這場比賽真是緊張刺激啊！我現在的手牌比網速還慢呢！」，D:D: 「唉呀，我手牌比這場比賽還要慘啊，看來只有祈禱下一張牌能幫我翻身了！」，第2手:你丟紅中，A:「嘿嘿，看來B又要變成抽獎機了！大家快來搶他的爛牌啊！」,的表情，他想必是摸到鬼了！，C:「唉呀，摸到這麼爛的牌，我現在向聽數都要跟我的身高一樣高了！」，D:D: 唉呀，這牌型讓我心情比藍月亮還藍。，第2輪:你看到玩家B摸牌，A:「哇喔，B又摸牌了，看來我們都要競爭誰能先變成真正的爛牌王了！」，B:B:「嘿，你們看D的表情，他的手牌比他的體重還輕啊！」，C:「哎呀，這場比賽真是緊張刺激啊！我現在的手牌比網速還慢呢！」，D:D: 「唉呀，我手牌比這場比賽還要慘啊，看來只有祈禱下一張牌能幫我翻身了！」，第2輪:你看到玩家B丟紅中，A:「嘿嘿，看來B又要變成抽獎機了！大家快來搶他的爛牌啊！」，B:「哇，這場比賽讓我向聽數一路飆升，感覺比跑馬拉松還要累啊！」,"，第2輪:你看到玩家B摸牌，A:「哇喔，B又摸牌了，看來我們都要競爭誰能先變成真正的爛牌王了！」，B:B:「嘿，你們看D的表情，他的手牌比他的體重還輕啊！」，C:「哎呀，這場比賽真是緊張刺激啊！我現在的手牌比網速還慢呢！」，D:D: 「唉呀，我手牌比這場比賽還要慘啊，看來只有祈禱下一張牌能幫我翻身了！」，第2輪:你看到玩家B丟紅中，A:「嘿嘿，看來B又要變成抽獎機了！大家快來搶他的爛牌啊！」，B:「哇，這場比賽讓我向聽數一路飆升，感覺比跑馬拉松還要累啊！」，C:C: 「我的手牌比冰箱裡的東西還要冷啊，快點來個糟糕的牌堆吧！」
B: 「哈哈，現在我的向聽數比我身高還要高了，感覺自己像是在爬山！」","[{'role': 'system', 'content': '你扮演悲觀的玩家D，正在和其他三個玩家打台灣麻將。'}, {'role': 'system', 'content': '以下為台灣麻將規則:玩家以抽取牌堆和棄手牌的方式來組成勝利的手牌，一局只有一個人能贏錢，因此會隨著手數越來越緊張。你不能看到其他玩家的手牌也不能洩漏自己的手牌，\n            但你可以依照他們的丟牌和對話來猜測他們是不是快贏了。勝利的手牌包括：五組刻子或順子和一對相同的牌。\n            遊戲過程中，玩家可以進行碰牌（利用別人棄的牌形成刻子），吃牌（利用別人棄的牌形成順子），槓牌（利用四張相同的牌，可以是自己手上的牌，也可以包括別人棄的牌）來降低向聽數。'}, {'role': 'user', 'content': '以下是一個台灣麻將遊戲場景:”，第2輪:你看到玩家B丟紅中，A:""哇，B，你壞壞哦，丟了紅中還想贏嗎？""，B:""嘿，我這手牌在各位眼中果然就是一堆垃圾啊，像紅中一樣沒用，不過我還是要願賭服輸，誰說垃圾不可以翻身成寶啊！""，C:""哈哈哈，大家都這麼會抱怨啊，不如我們來猜猜看彼此的手牌，然後一起享受這場猜謎遊戲吧！""，D:""哎呀，你們這些假文藝青年，這是麻將不是文藝比賽，趕快摸牌吧！""，第3輪:你看到玩家A摸牌，A:""哎呀，我的向聽數降了，現在我要掀桌子了啦！""，B:""哈哈，你們這些怕死鬼，還不敢碰我的牌！快來碰啊，我可是大方的嘞！""，C:""B，你說的沒錯，垃圾也可以翻身成寶啊！但是你這手牌還是有點像垃圾啦，不要太自信啊！""，你和玩家們正在進行激烈的比賽。請為這個場景生成一個簡短的、帶有俚語和幽默語言的對話來表達你的情緒和互動。請確保只生成對話且只有一到兩句。'}, {'role': 'assistant', 'content': '我會說:'}]","[{'role': 'system', 'content': '你扮演悲觀的玩家D，正在和其他三個玩家打台灣麻將。'}, {'role': 'system', 'content': '以下為台灣麻將規則:玩家以抽取牌堆和棄手牌的方式來組成勝利的手牌，一局只有一個人能贏錢，因此會隨著手數越來越緊張。你不能看到其他玩家的手牌也不能洩漏自己的手牌，\n            但你可以依照他們的丟牌和對話來猜測他們是不是快贏了。勝利的手牌包括：五組刻子或順子和一對相同的牌。\n            遊戲過程中，玩家可以進行碰牌（利用別人棄的牌形成刻子），吃牌（利用別人棄的牌形成順子），槓牌（利用四張相同的牌，可以是自己手上的牌，也可以包括別人棄的牌）來降低向聽數。'}, {'role': 'user', 'content': '以下是一個台灣麻將遊戲場景:”，第2輪:你看到玩家B丟紅中，A:""哇，B，你壞壞哦，丟了紅中還想贏嗎？""，B:""嘿，我這手牌在各位眼中果然就是一堆垃圾啊，像紅中一樣沒用，不過我還是要願賭服輸，誰說垃圾不可以翻身成寶啊！""，C:""哈哈哈，大家都這麼會抱怨啊，不如我們來猜猜看彼此的手牌，然後一起享受這場猜謎遊戲吧！""，D:""哎呀，你們這些假文藝青年，這是麻將不是文藝比賽，趕快摸牌吧！""，第3輪:你看到玩家A摸牌，A:""哎呀，我的向聽數降了，現在我要掀桌子了啦！""，B:""哈哈，你們這些怕死鬼，還不敢碰我的牌！快來碰啊，我可是大方的嘞！""，C:""B，你說的沒錯，垃圾也可以翻身成寶啊！但是你這手牌還是有點像垃圾啦，不要太自信啊！""，你和玩家們正在進行激烈的比賽。請為這個場景生成一個簡短的、帶有俚語和幽默語言的對話來表達你的情緒和互動。請確保只生成對話且只有一到兩句。'}, {'role': 'assistant', 'content': '我會說:'}]","[{'role': 'system', 'content': '你扮演悲觀的玩家D，正在和其他三個玩家打台灣麻將。'}, {'role': 'system', 'content': '以下為台灣麻將規則:玩家以抽取牌堆和棄手牌的方式來組成勝利的手牌，一局只有一個人能贏錢，因此會隨著手數越來越緊張。你不能看到其他玩家的手牌也不能洩漏自己的手牌，\n            但你可以依照他們的丟牌和對話來猜測他們是不是快贏了。勝利的手牌包括：五組刻子或順子和一對相同的牌。\n            遊戲過程中，玩家可以進行碰牌（利用別人棄的牌形成刻子），吃牌（利用別人棄的牌形成順子），槓牌（利用四張相同的牌，可以是自己手上的牌，也可以包括別人棄的牌）來降低向聽數。'}, {'role': 'user', 'content': '以下是一個台灣麻將遊戲場景:”，第2輪:你看到玩家B丟紅中，A:""哇，B，你壞壞哦，丟了紅中還想贏嗎？""，B:""嘿，我這手牌在各位眼中果然就是一堆垃圾啊，像紅中一樣沒用，不過我還是要願賭服輸，誰說垃圾不可以翻身成寶啊！""，C:""哈哈哈，大家都這麼會抱怨啊，不如我們來猜猜看彼此的手牌，然後一起享受這場猜謎遊戲吧！""，D:""哎呀，你們這些假文藝青年，這是麻將不是文藝比賽，趕快摸牌吧！""，第3輪:你看到玩家A摸牌，A:""哎呀，我的向聽數降了，現在我要掀桌子了啦！""，B:""哈哈，你們這些怕死鬼，還不敢碰我的牌！快來碰啊，我可是大方的嘞！""，C:""B，你說的沒錯，垃圾也可以翻身成寶啊！但是你這手牌還是有點像垃圾啦，不要太自信啊！""，你和玩家們正在進行激烈的比賽。請為這個場景生成一個簡短的、帶有俚語和幽默語言的對話來表達你的情緒和互動。請確保只生成對話且只有一到兩句。'}, {'role': 'assistant', 'content': '我會說:'}]","[{'role': 'system', 'content': '你扮演悲觀的玩家D，正在和其他三個玩家打台灣麻將。'}, {'role': 'system', 'content': '以下為台灣麻將規則:玩家以抽取牌堆和棄手牌的方式來組成勝利的手牌，一局只有一個人能贏錢，因此會隨著手數越來越緊張。你不能看到其他玩家的手牌也不能洩漏自己的手牌，\n            但你可以依照他們的丟牌和對話來猜測他們是不是快贏了。勝利的手牌包括：五組刻子或順子和一對相同的牌。\n            遊戲過程中，玩家可以進行碰牌（利用別人棄的牌形成刻子），吃牌（利用別人棄的牌形成順子），槓牌（利用四張相同的牌，可以是自己手上的牌，也可以包括別人棄的牌）來降低向聽數。'}, {'role': 'user', 'content': '以下是一個台灣麻將遊戲場景:”，第2輪:你看到玩家B丟紅中，A:""哇，B，你壞壞哦，丟了紅中還想贏嗎？""，B:""嘿，我這手牌在各位眼中果然就是一堆垃圾啊，像紅中一樣沒用，不過我還是要願賭服輸，誰說垃圾不可以翻身成寶啊！""，C:""哈哈哈，大家都這麼會抱怨啊，不如我們來猜猜看彼此的手牌，然後一起享受這場猜謎遊戲吧！""，D:""哎呀，你們這些假文藝青年，這是麻將不是文藝比賽，趕快摸牌吧！""，第3輪:你看到玩家A摸牌，A:""哎呀，我的向聽數降了，現在我要掀桌子了啦！""，B:""哈哈，你們這些怕死鬼，還不敢碰我的牌！快來碰啊，我可是大方的嘞！""，C:""B，你說的沒錯，垃圾也可以翻身成寶啊！但是你這手牌還是有點像垃圾啦，不要太自信啊！""，你和玩家們正在進行激烈的比賽。請為這個場景生成一個簡短的、帶有俚語和幽默語言的對話來表達你的情緒和互動。請確保只生成對話且只有一到兩句。'}, {'role': 'assistant', 'content': '我會說:'}]"
4,3,0,摸,2C,1A 7A 8A 0B 0B 4C 7C 8C 8C 0D 0E 1E 3E ,,,,「哇！我摸到的這張好牌，讓我的向聽數降得比我減肥還快啊！現在我感覺就像是吃了一口肥宅水餃，快樂又輕鬆！」,「哇，這局麻將比我人生還要慘啊，希望下一張牌能讓我變身成為麻將界的黑馬！」,「嘿嘿，大家都在向聽數的山上挑戰啊！我們得小心不要掉下去，不然就變成麻將落山狗啦！」,「哇，我現在的向聽數比我的戀愛史還要豐富啊！希望下一張牌能讓我從麻將宅變身成麻將高手！」,"1. 這場比賽的情況如何？ 
2. 玩家們在比賽中所經歷的挑戰是什麼？ 
3. 玩家們的手牌狀況如何？","1. 這場台灣麻將比賽的情況如何？ 
2. 每個玩家的手牌和向聽數是什麼？ 
3. 玩家們對於自己手牌和比賽情況的感受如何？","1. 觀察到的玩家手牌現況如何？ 
2. 玩家們的向聽數狀況如何？ 
3. 玩家們對於遊戲進展的感受如何？","1. 為什麼這場比賽讓玩家D的向聽數一路飆升，其他玩家的手牌都不好?
2. 玩家A摸到的好牌為什麼可以讓他的向聽數降低，其他玩家卻還在向聽數的山上挑戰？
3. 玩家B為什麼這麼慘，為什麼其他玩家都還有機會翻盤？",第3手:你摸到一張好牌了!向聽數降為:6,第3輪:你看到玩家A摸牌,第3輪:你看到玩家A摸牌,第3輪:你看到玩家A摸牌,"牌比他的體重還輕啊！」，C:「哎呀，這場比賽真是緊張刺激啊！我現在的手牌比網速還慢呢！」，D:D: 「唉呀，我手牌比這場比賽還要慘啊，看來只有祈禱下一張牌能幫我翻身了！」，第2輪:你看到玩家B丟紅中，A:「嘿嘿，看來B又要變成抽獎機了！大家快來搶他的爛牌啊！」，B:「哇，這場比賽讓我向聽數一路飆升，感覺比跑馬拉松還要累啊！」，C:C: 「我的手牌比冰箱裡的東西還要冷啊，快點來個糟糕的牌堆吧！」
B: 「哈哈，現在我的向聽數比我身高還要高了，感覺自己像是在爬山！」，D:D: 「哎呀，我的向聽數比我年齡還要大了，看來我只能祈禱下一張牌能讓我變成麻將神了！」，第3手:你摸到一張好牌了!向聽數降為:6","！」，D:D: 「唉呀，我手牌比這場比賽還要慘啊，看來只有祈禱下一張牌能幫我翻身了！」，第2手:你丟紅中，A:「嘿嘿，看來B又要變成抽獎機了！大家快來搶他的爛牌啊！」，B:「哇，這場比賽讓我向聽數一路飆升，感覺比跑馬拉松還要累啊！」，C:C: 「我的手牌比冰箱裡的東西還要冷啊，快點來個糟糕的牌堆吧！」
B: 「哈哈，現在我的向聽數比我身高還要高了，感覺自己像是在爬山！」，D:D: 「哎呀，我的向聽數比我年齡還要大了，看來我只能祈禱下一張牌能讓我變成麻將神了！」，第3輪:你看到玩家A摸牌，A:「哇！我摸到的這張好牌，讓我的向聽數降得比我減肥還快啊！現在我感覺就像是吃了一口肥宅水餃，快樂又輕鬆！」","2輪:你看到玩家B丟紅中，A:「嘿嘿，看來B又要變成抽獎機了！大家快來搶他的爛牌啊！」，B:「哇，這場比賽讓我向聽數一路飆升，感覺比跑馬拉松還要累啊！」，C:C: 「我的手牌比冰箱裡的東西還要冷啊，快點來個糟糕的牌堆吧！」
B: 「哈哈，現在我的向聽數比我身高還要高了，感覺自己像是在爬山！」，D:D: 「哎呀，我的向聽數比我年齡還要大了，看來我只能祈禱下一張牌能讓我變成麻將神了！」，第3輪:你看到玩家A摸牌，A:「哇！我摸到的這張好牌，讓我的向聽數降得比我減肥還快啊！現在我感覺就像是吃了一口肥宅水餃，快樂又輕鬆！」，B:「哇，這局麻將比我人生還要慘啊，希望下一張牌能讓我變身成為麻將界的黑馬！」",":「哇，這場比賽讓我向聽數一路飆升，感覺比跑馬拉松還要累啊！」，C:C: 「我的手牌比冰箱裡的東西還要冷啊，快點來個糟糕的牌堆吧！」
B: 「哈哈，現在我的向聽數比我身高還要高了，感覺自己像是在爬山！」，D:D: 「哎呀，我的向聽數比我年齡還要大了，看來我只能祈禱下一張牌能讓我變成麻將神了！」，第3輪:你看到玩家A摸牌，A:「哇！我摸到的這張好牌，讓我的向聽數降得比我減肥還快啊！現在我感覺就像是吃了一口肥宅水餃，快樂又輕鬆！」，B:「哇，這局麻將比我人生還要慘啊，希望下一張牌能讓我變身成為麻將界的黑馬！」，C:「嘿嘿，大家都在向聽數的山上挑戰啊！我們得小心不要掉下去，不然就變成麻將落山狗啦！」","[{'role': 'system', 'content': '你扮演悲觀的玩家D，正在和其他三個玩家打台灣麻將。'}, {'role': 'system', 'content': '以下為台灣麻將規則:玩家以抽取牌堆和棄手牌的方式來組成勝利的手牌，一局只有一個人能贏錢，因此會隨著手數越來越緊張。你不能看到其他玩家的手牌也不能洩漏自己的手牌，\n            但你可以依照他們的丟牌和對話來猜測他們是不是快贏了。勝利的手牌包括：五組刻子或順子和一對相同的牌。\n            遊戲過程中，玩家可以進行碰牌（利用別人棄的牌形成刻子），吃牌（利用別人棄的牌形成順子），槓牌（利用四張相同的牌，可以是自己手上的牌，也可以包括別人棄的牌）來降低向聽數。'}, {'role': 'user', 'content': '以下是一個台灣麻將遊戲場景:”，第2輪:你看到玩家B丟紅中，A:""哇，B，你壞壞哦，丟了紅中還想贏嗎？""，B:""嘿，我這手牌在各位眼中果然就是一堆垃圾啊，像紅中一樣沒用，不過我還是要願賭服輸，誰說垃圾不可以翻身成寶啊！""，C:""哈哈哈，大家都這麼會抱怨啊，不如我們來猜猜看彼此的手牌，然後一起享受這場猜謎遊戲吧！""，D:""哎呀，你們這些假文藝青年，這是麻將不是文藝比賽，趕快摸牌吧！""，第3輪:你看到玩家A摸牌，A:""哎呀，我的向聽數降了，現在我要掀桌子了啦！""，B:""哈哈，你們這些怕死鬼，還不敢碰我的牌！快來碰啊，我可是大方的嘞！""，C:""B，你說的沒錯，垃圾也可以翻身成寶啊！但是你這手牌還是有點像垃圾啦，不要太自信啊！""，你和玩家們正在進行激烈的比賽。請為這個場景生成一個簡短的、帶有俚語和幽默語言的對話來表達你的情緒和互動。請確保只生成對話且只有一到兩句。'}, {'role': 'assistant', 'content': '我會說:'}]","[{'role': 'system', 'content': '你扮演悲觀的玩家D，正在和其他三個玩家打台灣麻將。'}, {'role': 'system', 'content': '以下為台灣麻將規則:玩家以抽取牌堆和棄手牌的方式來組成勝利的手牌，一局只有一個人能贏錢，因此會隨著手數越來越緊張。你不能看到其他玩家的手牌也不能洩漏自己的手牌，\n            但你可以依照他們的丟牌和對話來猜測他們是不是快贏了。勝利的手牌包括：五組刻子或順子和一對相同的牌。\n            遊戲過程中，玩家可以進行碰牌（利用別人棄的牌形成刻子），吃牌（利用別人棄的牌形成順子），槓牌（利用四張相同的牌，可以是自己手上的牌，也可以包括別人棄的牌）來降低向聽數。'}, {'role': 'user', 'content': '以下是一個台灣麻將遊戲場景:”，第2輪:你看到玩家B丟紅中，A:""哇，B，你壞壞哦，丟了紅中還想贏嗎？""，B:""嘿，我這手牌在各位眼中果然就是一堆垃圾啊，像紅中一樣沒用，不過我還是要願賭服輸，誰說垃圾不可以翻身成寶啊！""，C:""哈哈哈，大家都這麼會抱怨啊，不如我們來猜猜看彼此的手牌，然後一起享受這場猜謎遊戲吧！""，D:""哎呀，你們這些假文藝青年，這是麻將不是文藝比賽，趕快摸牌吧！""，第3輪:你看到玩家A摸牌，A:""哎呀，我的向聽數降了，現在我要掀桌子了啦！""，B:""哈哈，你們這些怕死鬼，還不敢碰我的牌！快來碰啊，我可是大方的嘞！""，C:""B，你說的沒錯，垃圾也可以翻身成寶啊！但是你這手牌還是有點像垃圾啦，不要太自信啊！""，你和玩家們正在進行激烈的比賽。請為這個場景生成一個簡短的、帶有俚語和幽默語言的對話來表達你的情緒和互動。請確保只生成對話且只有一到兩句。'}, {'role': 'assistant', 'content': '我會說:'}]","[{'role': 'system', 'content': '你扮演悲觀的玩家D，正在和其他三個玩家打台灣麻將。'}, {'role': 'system', 'content': '以下為台灣麻將規則:玩家以抽取牌堆和棄手牌的方式來組成勝利的手牌，一局只有一個人能贏錢，因此會隨著手數越來越緊張。你不能看到其他玩家的手牌也不能洩漏自己的手牌，\n            但你可以依照他們的丟牌和對話來猜測他們是不是快贏了。勝利的手牌包括：五組刻子或順子和一對相同的牌。\n            遊戲過程中，玩家可以進行碰牌（利用別人棄的牌形成刻子），吃牌（利用別人棄的牌形成順子），槓牌（利用四張相同的牌，可以是自己手上的牌，也可以包括別人棄的牌）來降低向聽數。'}, {'role': 'user', 'content': '以下是一個台灣麻將遊戲場景:”，第2輪:你看到玩家B丟紅中，A:""哇，B，你壞壞哦，丟了紅中還想贏嗎？""，B:""嘿，我這手牌在各位眼中果然就是一堆垃圾啊，像紅中一樣沒用，不過我還是要願賭服輸，誰說垃圾不可以翻身成寶啊！""，C:""哈哈哈，大家都這麼會抱怨啊，不如我們來猜猜看彼此的手牌，然後一起享受這場猜謎遊戲吧！""，D:""哎呀，你們這些假文藝青年，這是麻將不是文藝比賽，趕快摸牌吧！""，第3輪:你看到玩家A摸牌，A:""哎呀，我的向聽數降了，現在我要掀桌子了啦！""，B:""哈哈，你們這些怕死鬼，還不敢碰我的牌！快來碰啊，我可是大方的嘞！""，C:""B，你說的沒錯，垃圾也可以翻身成寶啊！但是你這手牌還是有點像垃圾啦，不要太自信啊！""，你和玩家們正在進行激烈的比賽。請為這個場景生成一個簡短的、帶有俚語和幽默語言的對話來表達你的情緒和互動。請確保只生成對話且只有一到兩句。'}, {'role': 'assistant', 'content': '我會說:'}]","[{'role': 'system', 'content': '你扮演悲觀的玩家D，正在和其他三個玩家打台灣麻將。'}, {'role': 'system', 'content': '以下為台灣麻將規則:玩家以抽取牌堆和棄手牌的方式來組成勝利的手牌，一局只有一個人能贏錢，因此會隨著手數越來越緊張。你不能看到其他玩家的手牌也不能洩漏自己的手牌，\n            但你可以依照他們的丟牌和對話來猜測他們是不是快贏了。勝利的手牌包括：五組刻子或順子和一對相同的牌。\n            遊戲過程中，玩家可以進行碰牌（利用別人棄的牌形成刻子），吃牌（利用別人棄的牌形成順子），槓牌（利用四張相同的牌，可以是自己手上的牌，也可以包括別人棄的牌）來降低向聽數。'}, {'role': 'user', 'content': '以下是一個台灣麻將遊戲場景:”，第2輪:你看到玩家B丟紅中，A:""哇，B，你壞壞哦，丟了紅中還想贏嗎？""，B:""嘿，我這手牌在各位眼中果然就是一堆垃圾啊，像紅中一樣沒用，不過我還是要願賭服輸，誰說垃圾不可以翻身成寶啊！""，C:""哈哈哈，大家都這麼會抱怨啊，不如我們來猜猜看彼此的手牌，然後一起享受這場猜謎遊戲吧！""，D:""哎呀，你們這些假文藝青年，這是麻將不是文藝比賽，趕快摸牌吧！""，第3輪:你看到玩家A摸牌，A:""哎呀，我的向聽數降了，現在我要掀桌子了啦！""，B:""哈哈，你們這些怕死鬼，還不敢碰我的牌！快來碰啊，我可是大方的嘞！""，C:""B，你說的沒錯，垃圾也可以翻身成寶啊！但是你這手牌還是有點像垃圾啦，不要太自信啊！""，你和玩家們正在進行激烈的比賽。請為這個場景生成一個簡短的、帶有俚語和幽默語言的對話來表達你的情緒和互動。請確保只生成對話且只有一到兩句。'}, {'role': 'assistant', 'content': '我會說:'}]"
5,3,0,丟,1A,7A 8A 0B 0B 2C 4C 7C 8C 8C 0D 0E 1E 3E ,,,,,,,,,,,,第3手:你丟2萬,第3輪:你看到玩家A丟2萬,第3輪:你看到玩家A丟2萬,第3輪:你看到玩家A丟2萬,,,,,,,,
6,4,3,摸,0E,0A 2A 3A 4A 5A 5A 6A 8A 2B 5B 7B 0C 6C ,,,,,,,,,,,,第4輪:你看到玩家D摸牌,第4輪:你看到玩家D摸牌,第4輪:你看到玩家D摸牌,第4手:你摸到一張沒用的牌。向聽數還是:7,,,,,,,,
7,4,3,丟,2B,0A 2A 3A 4A 5A 5A 6A 8A 5B 7B 0C 6C 0E ,,,,,,,,,,,,第4輪:你看到玩家D丟3條,第4輪:你看到玩家D丟3條,第4輪:你看到玩家D丟3條,第4手:你丟3條,,,,,,,,
8,5,2,摸,3C,3A 5A 8A 3B 3B 4B 7B 0C 4C 5C 6C 7C 1D ,,,,,,,,,,,,第5輪:你看到玩家C摸牌,第5輪:你看到玩家C摸牌,第5手:你摸到一張好牌了!向聽數降為:5,第5輪:你看到玩家C摸牌,,,,,,,,
9,5,2,丟,1D,3A 5A 8A 3B 3B 4B 7B 0C 3C 4C 5C 6C 7C ,,,,,,,,,,,,第5輪:你看到玩家C丟青發,第5輪:你看到玩家C丟青發,第5手:你丟青發,第5輪:你看到玩家C丟青發,,,,,,,,
10,6,1,摸,5B,1A 2B 4B 5B 6B 0C 1C 1C 5C 8C 2D 1E 2E ,,,,,,,,,,,,第6輪:你看到玩家B摸牌,第6手:你摸到一張沒用的牌。向聽數還是:5,第6輪:你看到玩家B摸牌,第6輪:你看到玩家B摸牌,,,,,,,,
11,6,1,丟,8C,1A 2B 4B 5B 5B 6B 0C 1C 1C 5C 2D 1E 2E ,,,,,,,,,,,,第6輪:你看到玩家B丟9筒,第6手:你丟9筒,第6輪:你看到玩家B丟9筒,第6輪:你看到玩家B丟9筒,,,,,,,,
12,7,0,碰,8C,7A 8A 0B 0B 2C 4C 7C 0D 0E 1E 3E ,,26,,,,,,,,,,第7手:你碰9筒,第7輪:你看到玩家A碰9筒,第7輪:你看到玩家A碰9筒,第7輪:你看到玩家A碰9筒,,,,,,,,
13,7,0,丟,7C,7A 8A 0B 0B 2C 4C 0D 0E 1E 3E ,,26,,,,,,,,,,第7手:你丟8筒,第7輪:你看到玩家A丟8筒,第7輪:你看到玩家A丟8筒,第7輪:你看到玩家A丟8筒,,,,,,,,
14,8,3,摸,2B,0A 2A 3A 4A 5A 5A 6A 8A 5B 7B 0C 6C 0E ,,,,,,,,,,,,第8輪:你看到玩家D摸牌,第8輪:你看到玩家D摸牌,第8輪:你看到玩家D摸牌,第8手:你摸到一張沒用的牌。向聽數還是:7,,,,,,,,
15,8,3,丟,2B,0A 2A 3A 4A 5A 5A 6A 8A 5B 7B 0C 6C 0E ,,,,,,,,,,,,第8輪:你看到玩家D丟3條,第8輪:你看到玩家D丟3條,第8輪:你看到玩家D丟3條,第8手:你丟3條,,,,,,,,
16,9,2,摸,5C,3A 5A 8A 3B 3B 4B 7B 0C 3C 4C 5C 6C 7C ,,,,,,,,,,,,第9輪:你看到玩家C摸牌,第9輪:你看到玩家C摸牌,第9手:你摸到一張好牌了!向聽數降為:4,第9輪:你看到玩家C摸牌,,,,,,,,
17,9,2,丟,3B,3A 5A 8A 3B 4B 7B 0C 3C 4C 5C 5C 6C 7C ,,,,,,,,,,,,第9輪:你看到玩家C丟4條,第9輪:你看到玩家C丟4條,第9手:你丟4條,第9輪:你看到玩家C丟4條,,,,,,,,
18,10,1,吃,3B,1A 5B 5B 6B 0C 1C 1C 5C 2D 1E 2E ,27,,,,,,,,,,,第10輪:你看到玩家B吃4條,第10手:你吃4條,第10輪:你看到玩家B吃4條,第10輪:你看到玩家B吃4條,,,,,,,,
19,10,1,丟,2D,1A 5B 5B 6B 0C 1C 1C 5C 1E 2E ,27,,,,,,,,,,,第10輪:你看到玩家B丟白板,第10手:你丟白板,第10輪:你看到玩家B丟白板,第10輪:你看到玩家B丟白板,,,,,,,,
20,11,0,摸,6A,7A 8A 0B 0B 2C 4C 0D 0E 1E 3E ,,26,,,,,,,,,,第11手:你摸到一張沒用的牌。向聽數還是:6,第11輪:你看到玩家A摸牌,第11輪:你看到玩家A摸牌,第11輪:你看到玩家A摸牌,,,,,,,,
21,11,0,丟,0D,6A 7A 8A 0B 0B 2C 4C 0E 1E 3E ,,26,,,,,,,,,,第11手:你丟紅中,第11輪:你看到玩家A丟紅中,第11輪:你看到玩家A丟紅中,第11輪:你看到玩家A丟紅中,,,,,,,,
22,12,3,摸,5A,0A 2A 3A 4A 5A 5A 6A 8A 1B 5B 7B 0C 6C ,,,,,,,,,,,,第12輪:你看到玩家D摸牌,第12輪:你看到玩家D摸牌,第12輪:你看到玩家D摸牌,第12手:你摸到一張沒用的牌。向聽數還是:7,,,,,,,,
23,12,3,丟,0A,2A 3A 4A 5A 5A 5A 6A 8A 1B 5B 7B 0C 6C ,,,,,,,,,,,,第12輪:你看到玩家D丟1萬,第12輪:你看到玩家D丟1萬,第12輪:你看到玩家D丟1萬,第12手:你丟1萬,,,,,,,,
24,13,2,摸,1C,3A 5A 8A 3B 4B 7B 0C 3C 4C 5C 5C 6C 7C ,,,,,,,,,,,,第13輪:你看到玩家C摸牌,第13輪:你看到玩家C摸牌,第13手:你摸到一張好牌了!向聽數降為:3,第13輪:你看到玩家C摸牌,,,,,,,,
25,13,2,丟,3A,5A 8A 3B 4B 7B 0C 1C 3C 4C 5C 5C 6C 7C ,,,,,,,,,,,,第13輪:你看到玩家C丟4萬,第13輪:你看到玩家C丟4萬,第13手:你丟4萬,第13輪:你看到玩家C丟4萬,,,,,,,,
26,14,1,摸,7B,1A 5B 5B 6B 0C 1C 1C 5C 1E 2E ,27,,,,,,,,,,,第14輪:你看到玩家B摸牌,第14手:你摸到一張好牌了!向聽數降為:6,第14輪:你看到玩家B摸牌,第14輪:你看到玩家B摸牌,,,,,,,,
27,14,1,丟,1E,1A 5B 5B 6B 7B 0C 1C 1C 5C 2E ,27,,,,,,,,,,,第14輪:你看到玩家B丟南風,第14手:你丟南風,第14輪:你看到玩家B丟南風,第14輪:你看到玩家B丟南風,,,,,,,,
28,15,0,摸,0B,6A 7A 8A 0B 0B 2C 4C 0E 1E 3E ,,26,,,,,,,,,,第15手:你摸到一張好牌了!向聽數降為:6,第15輪:你看到玩家A摸牌,第15輪:你看到玩家A摸牌,第15輪:你看到玩家A摸牌,,,,,,,,
29,15,0,丟,0E,6A 7A 8A 0B 0B 0B 2C 4C 1E 3E ,,26,,,,,,,,,,第15手:你丟東風,第15輪:你看到玩家A丟東風,第15輪:你看到玩家A丟東風,第15輪:你看到玩家A丟東風,,,,,,,,
30,16,3,摸,0A,2A 3A 4A 5A 5A 5A 6A 8A 1B 5B 7B 0C 6C ,,,,,,,,,,,,第16輪:你看到玩家D摸牌,第16輪:你看到玩家D摸牌,第16輪:你看到玩家D摸牌,第16手:你摸到一張沒用的牌。向聽數還是:7,,,,,,,,
31,16,3,丟,0A,2A 3A 4A 5A 5A 5A 6A 8A 1B 5B 7B 0C 6C ,,,,,,,,,,,,第16輪:你看到玩家D丟1萬,第16輪:你看到玩家D丟1萬,第16輪:你看到玩家D丟1萬,第16手:你丟1萬,,,,,,,,
32,17,2,摸,7A,5A 8A 3B 4B 7B 0C 1C 3C 4C 5C 5C 6C 7C ,,,,,,,,,,,,第17輪:你看到玩家C摸牌,第17輪:你看到玩家C摸牌,第17手:你摸到一張沒用的牌。向聽數還是:2,第17輪:你看到玩家C摸牌,,,,,,,,
33,17,2,丟,1C,5A 7A 8A 3B 4B 7B 0C 3C 4C 5C 5C 6C 7C ,,,,,,,,,,,,第17輪:你看到玩家C丟2筒,第17輪:你看到玩家C丟2筒,第17手:你丟2筒,第17輪:你看到玩家C丟2筒,,,,,,,,
34,18,1,碰,1C,1A 5B 5B 6B 7B 0C 5C 2E ,27,19,,,,,,,,,,第18輪:你看到玩家B碰2筒,第18手:你碰2筒,第18輪:你看到玩家B碰2筒,第18輪:你看到玩家B碰2筒,,,,,,,,
35,18,1,丟,2E,1A 5B 5B 6B 7B 0C 5C ,27,19,,,,,,,,,,第18輪:你看到玩家B丟西風,第18手:你丟西風,第18輪:你看到玩家B丟西風,第18輪:你看到玩家B丟西風,,,,,,,,
36,19,0,摸,0B,6A 7A 8A 0B 0B 0B 2C 4C 1E 3E ,,26,,,,,,,,,,第19手:你摸到一張沒用的牌。向聽數還是:5,第19輪:你看到玩家A摸牌,第19輪:你看到玩家A摸牌,第19輪:你看到玩家A摸牌,,,,,,,,
37,19,0,暗槓,0B,6A 7A 8A 2C 4C 1E 3E ,,26,,9.0,,,,,,,,第19手:你暗槓1條,第19輪:你看到玩家A暗槓,第19輪:你看到玩家A暗槓,第19輪:你看到玩家A暗槓,,,,,,,,
38,score,6,-2,-2,-2,,,,,,,,,,,,,,,,,,,,,,,
39,19,0,摸,6B,6A 7A 8A 2C 4C 1E 3E ,,26,,9.0,,,,,,,,第19手:你摸到一張沒用的牌。向聽數還是:7,第19輪:你看到玩家A摸牌,第19輪:你看到玩家A摸牌,第19輪:你看到玩家A摸牌,,,,,,,,
40,19,0,丟,6B,6A 7A 8A 2C 4C 1E 3E ,,26,,9.0,,,,,,,,第19手:你丟7條,第19輪:你看到玩家A丟7條,第19輪:你看到玩家A丟7條,第19輪:你看到玩家A丟7條,,,,,,,,
41,20,3,摸,8C,2A 3A 4A 5A 5A 5A 6A 8A 1B 5B 7B 0C 6C ,,,,,,,,,,,,第20輪:你看到玩家D摸牌,第20輪:你看到玩家D摸牌,第20輪:你看到玩家D摸牌,第20手:你摸到一張好牌了!向聽數降為:7,,,,,,,,
42,20,3,丟,5A,2A 3A 4A 5A 5A 6A 8A 1B 5B 7B 0C 6C 8C ,,,,,,,,,,,,第20輪:你看到玩家D丟6萬,第20輪:你看到玩家D丟6萬,第20輪:你看到玩家D丟6萬,第20手:你丟6萬,,,,,,,,
43,21,2,摸,8A,5A 7A 8A 3B 4B 7B 0C 3C 4C 5C 5C 6C 7C ,,,,,,,,,,,,第21輪:你看到玩家C摸牌,第21輪:你看到玩家C摸牌,第21手:你摸到一張沒用的牌。向聽數還是:3,第21輪:你看到玩家C摸牌,,,,,,,,
44,21,2,丟,5C,5A 7A 8A 8A 3B 4B 7B 0C 3C 4C 5C 6C 7C ,,,,,,,,,,,,第21輪:你看到玩家C丟6筒,第21輪:你看到玩家C丟6筒,第21手:你丟6筒,第21輪:你看到玩家C丟6筒,,,,,,,,
45,22,1,摸,5B,1A 5B 5B 6B 7B 0C 5C ,27,19,,,,,,,,,,第22輪:你看到玩家B摸牌,第22手:你摸到一張好牌了!向聽數降為:6,第22輪:你看到玩家B摸牌,第22輪:你看到玩家B摸牌,,,,,,,,
46,22,1,丟,1A,5B 5B 5B 6B 7B 0C 5C ,27,19,,,,,,,,,,第22輪:你看到玩家B丟2萬,第22手:你丟2萬,第22輪:你看到玩家B丟2萬,第22輪:你看到玩家B丟2萬,,,,,,,,
47,23,0,摸,0C,6A 7A 8A 2C 4C 1E 3E ,,26,,9.0,,,,,,,,第23手:你摸到一張沒用的牌。向聽數還是:7,第23輪:你看到玩家A摸牌,第23輪:你看到玩家A摸牌,第23輪:你看到玩家A摸牌,,,,,,,,
48,23,0,丟,1E,6A 7A 8A 0C 2C 4C 3E ,,26,,9.0,,,,,,,,第23手:你丟南風,第23輪:你看到玩家A丟南風,第23輪:你看到玩家A丟南風,第23輪:你看到玩家A丟南風,,,,,,,,
49,24,3,摸,3C,2A 3A 4A 5A 5A 6A 8A 1B 5B 7B 0C 6C 8C ,,,,,,,,,,,,第24輪:你看到玩家D摸牌,第24輪:你看到玩家D摸牌,第24輪:你看到玩家D摸牌,第24手:你摸到一張沒用的牌。向聽數還是:6,,,,,,,,
50,24,3,丟,4A,2A 3A 5A 5A 6A 8A 1B 5B 7B 0C 3C 6C 8C ,,,,,,,,,,,,第24輪:你看到玩家D丟5萬,第24輪:你看到玩家D丟5萬,第24輪:你看到玩家D丟5萬,第24手:你丟5萬,,,,,,,,
51,25,2,摸,7C,5A 7A 8A 8A 3B 4B 7B 0C 3C 4C 5C 6C 7C ,,,,,,,,,,,,第25輪:你看到玩家C摸牌,第25輪:你看到玩家C摸牌,第25手:你摸到一張沒用的牌。向聽數還是:4,第25輪:你看到玩家C摸牌,,,,,,,,
52,25,2,丟,7C,5A 7A 8A 8A 3B 4B 7B 0C 3C 4C 5C 6C 7C ,,,,,,,,,,,,第25輪:你看到玩家C丟8筒,第25輪:你看到玩家C丟8筒,第25手:你丟8筒,第25輪:你看到玩家C丟8筒,,,,,,,,
53,26,1,摸,8B,5B 5B 5B 6B 7B 0C 5C ,27,19,,,,,,,,,,第26輪:你看到玩家B摸牌,第26手:你摸到一張好牌了!向聽數降為:5,第26輪:你看到玩家B摸牌,第26輪:你看到玩家B摸牌,,,,,,,,
54,26,1,丟,0C,5B 5B 5B 6B 7B 8B 5C ,27,19,,,,,,,,,,第26輪:你看到玩家B丟1筒,第26手:你丟1筒,第26輪:你看到玩家B丟1筒,第26輪:你看到玩家B丟1筒,,,,,,,,
55,27,0,摸,4A,6A 7A 8A 0C 2C 4C 3E ,,26,,9.0,,,,,,,,第27手:你摸到一張沒用的牌。向聽數還是:7,第27輪:你看到玩家A摸牌,第27輪:你看到玩家A摸牌,第27輪:你看到玩家A摸牌,,,,,,,,
56,27,0,丟,4A,6A 7A 8A 0C 2C 4C 3E ,,26,,9.0,,,,,,,,第27手:你丟5萬,第27輪:你看到玩家A丟5萬,第27輪:你看到玩家A丟5萬,第27輪:你看到玩家A丟5萬,,,,,,,,
57,28,3,摸,7B,2A 3A 5A 5A 6A 8A 1B 5B 7B 0C 3C 6C 8C ,,,,,,,,,,,,第28輪:你看到玩家D摸牌,第28輪:你看到玩家D摸牌,第28輪:你看到玩家D摸牌,第28手:你摸到一張沒用的牌。向聽數還是:6,,,,,,,,
58,28,3,丟,7B,2A 3A 5A 5A 6A 8A 1B 5B 7B 0C 3C 6C 8C ,,,,,,,,,,,,第28輪:你看到玩家D丟8條,第28輪:你看到玩家D丟8條,第28輪:你看到玩家D丟8條,第28手:你丟8條,,,,,,,,
59,29,2,摸,3E,5A 7A 8A 8A 3B 4B 7B 0C 3C 4C 5C 6C 7C ,,,,,,,,,,,,第29輪:你看到玩家C摸牌,第29輪:你看到玩家C摸牌,第29手:你摸到一張沒用的牌。向聽數還是:4,第29輪:你看到玩家C摸牌,,,,,,,,
60,29,2,丟,3E,5A 7A 8A 8A 3B 4B 7B 0C 3C 4C 5C 6C 7C ,,,,,,,,,,,,第29輪:你看到玩家C丟北風,第29輪:你看到玩家C丟北風,第29手:你丟北風,第29輪:你看到玩家C丟北風,,,,,,,,
61,30,1,摸,3E,5B 5B 5B 6B 7B 8B 5C ,27,19,,,,,,,,,,第30輪:你看到玩家B摸牌,第30手:你摸到一張沒用的牌。向聽數還是:4,第30輪:你看到玩家B摸牌,第30輪:你看到玩家B摸牌,,,,,,,,
62,30,1,丟,5C,5B 5B 5B 6B 7B 8B 3E ,27,19,,,,,,,,,,第30輪:你看到玩家B丟6筒,第30手:你丟6筒,第30輪:你看到玩家B丟6筒,第30輪:你看到玩家B丟6筒,,,,,,,,
63,31,0,摸,5C,6A 7A 8A 0C 2C 4C 3E ,,26,,9.0,,,,,,,,第31手:你摸到一張好牌了!向聽數降為:7,第31輪:你看到玩家A摸牌,第31輪:你看到玩家A摸牌,第31輪:你看到玩家A摸牌,,,,,,,,
64,31,0,丟,3E,6A 7A 8A 0C 2C 4C 5C ,,26,,9.0,,,,,,,,第31手:你又丟北風，牌運不佳,第31輪:你看到玩家A丟北風,第31輪:你看到玩家A丟北風,第31輪:你看到玩家A丟北風,,,,,,,,
65,32,1,胡,3E,5B 5B 5B 6B 7B 8B 3E ,27,19,,,,,,,,,,,,,,,,,,,,,
66,台,10,總台,10,牌型,素胡 單釣 首胡 ,,,,,,,,,,,牌型為:素胡 單釣 首胡 ,牌型為:素胡 單釣 首胡 ,牌型為:素胡 單釣 首胡 ,牌型為:素胡 單釣 首胡 ,,,,,,,,
67,score,-4,8,-2,-2,,,,,,,,,,,,,,,,,,,,,,,
68,score,-4,8,-2,-2,,,,,,,,,,,,,,,,,,,,,,,
69,結束,,,,,,,,,,,,,,,,,,,,,,,,,,,
70,2,東風南,1,0,2,,,,,,,,,,,,,,,,,,,,,,,
71,,2,,,1A 7A 7A 0B 1B 2B 7B 0C 3C 5C 2D 0E 1E ,,,,,,,,,,,,,,,,,,,,,,,
72,,1,,,0A 2A 3A 4A 8A 1B 7B 8B 0D 1D 2D 0E 0E ,,,,,,,,,,,,,,,,,,,,,,,
73,,0,,,0A 2A 8A 0B 2C 5C 6C 6C 6C 8C 0D 0D 0E ,,,,,,,,,,,,,,,,,,,,,,,
74,,3,,,1A 2A 3A 4A 3B 4B 5B 8B 0C 2C 3C 4C 0D ,,,,,,,,,,,,,,,,,,,,,,,
75,2,東風南,1,0,2,,,,,,,,,,,,,,,,,,,,,,,
76,,2,,,1A 7A 7A 0B 1B 2B 7B 0C 3C 5C 2D 0E 1E ,,,,,,,,,,,,,,,,,,,,,,,
77,,1,,,0A 2A 3A 4A 8A 1B 7B 8B 0D 1D 2D 0E 0E ,,,,,,,,,,,,,,,,,,,,,,,
78,,0,,,0A 2A 8A 0B 2C 5C 6C 6C 6C 8C 0D 0D 0E ,,,,,,,,,,,,,,,,,,,,,,,
79,,3,,,1A 2A 3A 4A 3B 4B 5B 8B 0C 2C 3C 4C 0D ,,,,,,,,,,,,,,,,,,,,,,,
80,1,1,摸,6A,0A 2A 3A 4A 8A 1B 7B 8B 0D 1D 2D 0E 0E ,,,,,,,,,,,,,,,,,,,,,,,
81,1,1,丟,1B,0A 2A 3A 4A 6A 8A 7B 8B 0D 1D 2D 0E 0E ,,,,,,,,,,,,,,,,,,,,,,,
82,2,0,摸,0B,0A 2A 8A 0B 2C 5C 6C 6C 6C 8C 0D 0D 0E ,,,,,,,,,,,,,,,,,,,,,,,
83,2,0,丟,8A,0A 2A 0B 0B 2C 5C 6C 6C 6C 8C 0D 0D 0E ,,,,,,,,,,,,,,,,,,,,,,,
84,3,3,摸,2C,1A 2A 3A 4A 3B 4B 5B 8B 0C 2C 3C 4C 0D ,,,,,,,,,,,,,,,,,,,,,,,
85,3,3,丟,0D,1A 2A 3A 4A 3B 4B 5B 8B 0C 2C 2C 3C 4C ,,,,,,,,,,,,,,,,,,,,,,,
86,4,0,碰,0D,0A 2A 0B 0B 2C 5C 6C 6C 6C 8C 0E ,,27,,,,,,,,,,,,,,,,,,,,,
87,4,0,丟,2C,0A 2A 0B 0B 5C 6C 6C 6C 8C 0E ,,27,,,,,,,,,,,,,,,,,,,,,
88,5,3,摸,3E,1A 2A 3A 4A 3B 4B 5B 8B 0C 2C 2C 3C 4C ,,,,,,,,,,,,,,,,,,,,,,,
89,5,3,丟,3E,1A 2A 3A 4A 3B 4B 5B 8B 0C 2C 2C 3C 4C ,,,,,,,,,,,,,,,,,,,,,,,
90,6,2,摸,8C,1A 7A 7A 0B 1B 2B 7B 0C 3C 5C 2D 0E 1E ,,,,,,,,,,,,,,,,,,,,,,,
91,6,2,丟,2D,1A 7A 7A 0B 1B 2B 7B 0C 3C 5C 8C 0E 1E ,,,,,,,,,,,,,,,,,,,,,,,
92,7,1,摸,2D,0A 2A 3A 4A 6A 8A 7B 8B 0D 1D 2D 0E 0E ,,,,,,,,,,,,,,,,,,,,,,,
93,7,1,丟,0A,2A 3A 4A 6A 8A 7B 8B 0D 1D 2D 2D 0E 0E ,,,,,,,,,,,,,,,,,,,,,,,
94,8,0,摸,0C,0A 2A 0B 0B 5C 6C 6C 6C 8C 0E ,,27,,,,,,,,,,,,,,,,,,,,,
95,8,0,丟,0C,0A 2A 0B 0B 5C 6C 6C 6C 8C 0E ,,27,,,,,,,,,,,,,,,,,,,,,
96,9,3,摸,5B,1A 2A 3A 4A 3B 4B 5B 8B 0C 2C 2C 3C 4C ,,,,,,,,,,,,,,,,,,,,,,,
97,9,3,丟,5B,1A 2A 3A 4A 3B 4B 5B 8B 0C 2C 2C 3C 4C ,,,,,,,,,,,,,,,,,,,,,,,
98,10,2,摸,0B,1A 7A 7A 0B 1B 2B 7B 0C 3C 5C 8C 0E 1E ,,,,,,,,,,,,,,,,,,,,,,,
99,10,2,丟,0E,1A 7A 7A 0B 0B 1B 2B 7B 0C 3C 5C 8C 1E ,,,,,,,,,,,,,,,,,,,,,,,
100,11,1,碰,0E,2A 3A 4A 6A 8A 7B 8B 0D 1D 2D 2D ,,30,,,,,,,,,,,,,,,,,,,,,
101,11,1,丟,0D,2A 3A 4A 6A 8A 7B 8B 1D 2D 2D ,,30,,,,,,,,,,,,,,,,,,,,,
102,12,0,摸,8B,0A 2A 0B 0B 5C 6C 6C 6C 8C 0E ,,27,,,,,,,,,,,,,,,,,,,,,
103,12,0,丟,8B,0A 2A 0B 0B 5C 6C 6C 6C 8C 0E ,,27,,,,,,,,,,,,,,,,,,,,,
104,13,3,摸,2E,1A 2A 3A 4A 3B 4B 5B 8B 0C 2C 2C 3C 4C ,,,,,,,,,,,,,,,,,,,,,,,
105,13,3,丟,2E,1A 2A 3A 4A 3B 4B 5B 8B 0C 2C 2C 3C 4C ,,,,,,,,,,,,,,,,,,,,,,,
106,14,2,摸,0A,1A 7A 7A 0B 0B 1B 2B 7B 0C 3C 5C 8C 1E ,,,,,,,,,,,,,,,,,,,,,,,
107,14,2,丟,7B,0A 1A 7A 7A 0B 0B 1B 2B 0C 3C 5C 8C 1E ,,,,,,,,,,,,,,,,,,,,,,,
108,15,1,摸,2C,2A 3A 4A 6A 8A 7B 8B 1D 2D 2D ,,30,,,,,,,,,,,,,,,,,,,,,
109,15,1,丟,2C,2A 3A 4A 6A 8A 7B 8B 1D 2D 2D ,,30,,,,,,,,,,,,,,,,,,,,,
110,16,0,摸,1C,0A 2A 0B 0B 5C 6C 6C 6C 8C 0E ,,27,,,,,,,,,,,,,,,,,,,,,
111,16,0,丟,1C,0A 2A 0B 0B 5C 6C 6C 6C 8C 0E ,,27,,,,,,,,,,,,,,,,,,,,,
112,17,3,摸,1B,1A 2A 3A 4A 3B 4B 5B 8B 0C 2C 2C 3C 4C ,,,,,,,,,,,,,,,,,,,,,,,
113,17,3,丟,1B,1A 2A 3A 4A 3B 4B 5B 8B 0C 2C 2C 3C 4C ,,,,,,,,,,,,,,,,,,,,,,,
114,18,2,吃,1B,0A 1A 7A 7A 0B 1B 0C 3C 5C 8C 1E ,21,,,,,,,,,,,,,,,,,,,,,,
115,18,2,丟,0C,0A 1A 7A 7A 0B 1B 3C 5C 8C 1E ,21,,,,,,,,,,,,,,,,,,,,,,
116,19,1,摸,5A,2A 3A 4A 6A 8A 7B 8B 1D 2D 2D ,,30,,,,,,,,,,,,,,,,,,,,,
117,19,1,丟,8A,2A 3A 4A 5A 6A 7B 8B 1D 2D 2D ,,30,,,,,,,,,,,,,,,,,,,,,
118,20,0,摸,4A,0A 2A 0B 0B 5C 6C 6C 6C 8C 0E ,,27,,,,,,,,,,,,,,,,,,,,,
119,20,0,丟,8C,0A 2A 4A 0B 0B 5C 6C 6C 6C 0E ,,27,,,,,,,,,,,,,,,,,,,,,
120,21,3,摸,1C,1A 2A 3A 4A 3B 4B 5B 8B 0C 2C 2C 3C 4C ,,,,,,,,,,,,,,,,,,,,,,,
121,21,3,丟,2A,1A 3A 4A 3B 4B 5B 8B 0C 1C 2C 2C 3C 4C ,,,,,,,,,,,,,,,,,,,,,,,
122,22,2,吃,2A,7A 7A 0B 1B 3C 5C 8C 1E ,1 21 ,,,,,,,,,,,,,,,,,,,,,,
123,22,2,丟,8C,7A 7A 0B 1B 3C 5C 1E ,1 21 ,,,,,,,,,,,,,,,,,,,,,,
124,23,1,摸,1A,2A 3A 4A 5A 6A 7B 8B 1D 2D 2D ,,30,,,,,,,,,,,,,,,,,,,,,
125,23,1,丟,1D,1A 2A 3A 4A 5A 6A 7B 8B 2D 2D ,,30,,,,,,,,,,,,,,,,,,,,,
126,24,0,摸,3B,0A 2A 4A 0B 0B 5C 6C 6C 6C 0E ,,27,,,,,,,,,,,,,,,,,,,,,
127,24,0,丟,3B,0A 2A 4A 0B 0B 5C 6C 6C 6C 0E ,,27,,,,,,,,,,,,,,,,,,,,,
128,25,3,摸,0C,1A 3A 4A 3B 4B 5B 8B 0C 1C 2C 2C 3C 4C ,,,,,,,,,,,,,,,,,,,,,,,
129,25,3,丟,0C,1A 3A 4A 3B 4B 5B 8B 0C 1C 2C 2C 3C 4C ,,,,,,,,,,,,,,,,,,,,,,,
130,26,2,摸,4C,7A 7A 0B 1B 3C 5C 1E ,1 21 ,,,,,,,,,,,,,,,,,,,,,,
131,26,2,丟,1E,7A 7A 0B 1B 3C 4C 5C ,1 21 ,,,,,,,,,,,,,,,,,,,,,,
132,27,1,摸,6B,1A 2A 3A 4A 5A 6A 7B 8B 2D 2D ,,30,,,,,,,,,,,,,,,,,,,,,
133,27,1,自摸,6B,1A 2A 3A 4A 5A 6A 7B 8B 2D 2D ,,30,,,,,,,,,,,,,,,,,,,,,
134,台,14,總台,42,牌型,邊張 素胡 六連順首胡 ,,,,,,,,,,,,,,,,,,,,,,
135,score,-18,50,-16,-16,,,,,,,,,,,,,,,,,,,,,,,
136,score,-18,50,-16,-16,,,,,,,,,,,,,,,,,,,,,,,
137,結束,,,,,,,,,,,,,,,,,,,,,,,,,,,
138,3,東風西,0,1,2,,,,,,,,,,,,,,,,,,,,,,,
139,,2,,,0A 3A 4A 7A 7B 0C 0C 2C 7C 8C 2E 2E 3E ,,,,,,,,,,,,,,,,,,,,,,,
140,,1,,,1A 1A 2A 5A 2B 4B 4B 6B 0C 5C 6C 2D 3E ,,,,,,,,,,,,,,,,,,,,,,,
141,,0,,,1A 2A 2A 3A 6A 6A 3B 8B 1C 1C 4C 5C 1E ,,,,,,,,,,,,,,,,,,,,,,,
142,,3,,,3A 5A 5A 5A 6A 8A 8A 8A 0B 5B 6C 0E 2E ,,,,,,,,,,,,,,,,,,,,,,,
143,3,東風西,0,1,2,,,,,,,,,,,,,,,,,,,,,,,
144,,2,,,0A 3A 4A 7A 7B 0C 0C 2C 7C 8C 2E 2E 3E ,,,,,,,,,,,,,,,,,,,,,,,
145,,1,,,1A 1A 2A 5A 2B 4B 4B 6B 0C 5C 6C 2D 3E ,,,,,,,,,,,,,,,,,,,,,,,
146,,0,,,1A 2A 2A 3A 6A 6A 3B 8B 1C 1C 4C 5C 1E ,,,,,,,,,,,,,,,,,,,,,,,
147,,3,,,3A 5A 5A 5A 6A 8A 8A 8A 0B 5B 6C 0E 2E ,,,,,,,,,,,,,,,,,,,,,,,
148,1,0,摸,0D,1A 2A 2A 3A 6A 6A 3B 8B 1C 1C 4C 5C 1E ,,,,,,,,,,,,,,,,,,,,,,,
149,1,0,丟,3B,1A 2A 2A 3A 6A 6A 8B 1C 1C 4C 5C 0D 1E ,,,,,,,,,,,,,,,,,,,,,,,
150,2,3,摸,6B,3A 5A 5A 5A 6A 8A 8A 8A 0B 5B 6C 0E 2E ,,,,,,,,,,,,,,,,,,,,,,,
151,2,3,丟,0E,3A 5A 5A 5A 6A 8A 8A 8A 0B 5B 6B 6C 2E ,,,,,,,,,,,,,,,,,,,,,,,
152,3,2,摸,1E,0A 3A 4A 7A 7B 0C 0C 2C 7C 8C 2E 2E 3E ,,,,,,,,,,,,,,,,,,,,,,,
153,3,2,丟,0A,3A 4A 7A 7B 0C 0C 2C 7C 8C 1E 2E 2E 3E ,,,,,,,,,,,,,,,,,,,,,,,
154,4,1,吃,0A,1A 5A 2B 4B 4B 6B 0C 5C 6C 2D 3E ,2,,,,,,,,,,,,,,,,,,,,,,
155,4,1,丟,1A,5A 2B 4B 4B 6B 0C 5C 6C 2D 3E ,2,,,,,,,,,,,,,,,,,,,,,,
156,5,0,摸,3C,1A 2A 2A 3A 6A 6A 8B 1C 1C 4C 5C 0D 1E ,,,,,,,,,,,,,,,,,,,,,,,
157,5,0,丟,8B,1A 2A 2A 3A 6A 6A 1C 1C 3C 4C 5C 0D 1E ,,,,,,,,,,,,,,,,,,,,,,,
158,6,3,摸,2E,3A 5A 5A 5A 6A 8A 8A 8A 0B 5B 6B 6C 2E ,,,,,,,,,,,,,,,,,,,,,,,
159,6,3,丟,3A,5A 5A 5A 6A 8A 8A 8A 0B 5B 6B 6C 2E 2E ,,,,,,,,,,,,,,,,,,,,,,,
160,7,2,摸,2A,3A 4A 7A 7B 0C 0C 2C 7C 8C 1E 2E 2E 3E ,,,,,,,,,,,,,,,,,,,,,,,
161,7,2,丟,7A,2A 3A 4A 7B 0C 0C 2C 7C 8C 1E 2E 2E 3E ,,,,,,,,,,,,,,,,,,,,,,,
162,8,1,摸,1E,5A 2B 4B 4B 6B 0C 5C 6C 2D 3E ,2,,,,,,,,,,,,,,,,,,,,,,
163,8,1,丟,5A,2B 4B 4B 6B 0C 5C 6C 2D 1E 3E ,2,,,,,,,,,,,,,,,,,,,,,,
164,9,3,碰,5A,5A 6A 8A 8A 8A 0B 5B 6B 6C 2E 2E ,,5,,,,,,,,,,,,,,,,,,,,,
165,9,3,丟,0B,5A 6A 8A 8A 8A 5B 6B 6C 2E 2E ,,5,,,,,,,,,,,,,,,,,,,,,
166,10,2,摸,0A,2A 3A 4A 7B 0C 0C 2C 7C 8C 1E 2E 2E 3E ,,,,,,,,,,,,,,,,,,,,,,,
167,10,2,丟,7B,0A 2A 3A 4A 0C 0C 2C 7C 8C 1E 2E 2E 3E ,,,,,,,,,,,,,,,,,,,,,,,
168,11,1,摸,3E,2B 4B 4B 6B 0C 5C 6C 2D 1E 3E ,2,,,,,,,,,,,,,,,,,,,,,,
169,11,1,丟,0C,2B 4B 4B 6B 5C 6C 2D 1E 3E 3E ,2,,,,,,,,,,,,,,,,,,,,,,
170,12,2,碰,0C,0A 2A 3A 4A 2C 7C 8C 1E 2E 2E 3E ,,18,,,,,,,,,,,,,,,,,,,,,
171,12,2,丟,2C,0A 2A 3A 4A 7C 8C 1E 2E 2E 3E ,,18,,,,,,,,,,,,,,,,,,,,,
172,13,1,摸,2B,2B 4B 4B 6B 5C 6C 2D 1E 3E 3E ,2,,,,,,,,,,,,,,,,,,,,,,
173,13,1,丟,2D,2B 2B 4B 4B 6B 5C 6C 1E 3E 3E ,2,,,,,,,,,,,,,,,,,,,,,,
174,14,0,摸,7C,1A 2A 2A 3A 6A 6A 1C 1C 3C 4C 5C 0D 1E ,,,,,,,,,,,,,,,,,,,,,,,
175,14,0,丟,0D,1A 2A 2A 3A 6A 6A 1C 1C 3C 4C 5C 7C 1E ,,,,,,,,,,,,,,,,,,,,,,,
176,15,3,摸,3C,5A 6A 8A 8A 8A 5B 6B 6C 2E 2E ,,5,,,,,,,,,,,,,,,,,,,,,
177,15,3,丟,3C,5A 6A 8A 8A 8A 5B 6B 6C 2E 2E ,,5,,,,,,,,,,,,,,,,,,,,,
178,16,2,摸,7A,0A 2A 3A 4A 7C 8C 1E 2E 2E 3E ,,18,,,,,,,,,,,,,,,,,,,,,
179,16,2,丟,7A,0A 2A 3A 4A 7C 8C 1E 2E 2E 3E ,,18,,,,,,,,,,,,,,,,,,,,,
180,17,1,摸,7B,2B 2B 4B 4B 6B 5C 6C 1E 3E 3E ,2,,,,,,,,,,,,,,,,,,,,,,
181,17,1,丟,1E,2B 2B 4B 4B 6B 7B 5C 6C 3E 3E ,2,,,,,,,,,,,,,,,,,,,,,,
182,18,0,摸,2C,1A 2A 2A 3A 6A 6A 1C 1C 3C 4C 5C 7C 1E ,,,,,,,,,,,,,,,,,,,,,,,
183,18,0,丟,2A,1A 2A 3A 6A 6A 1C 1C 2C 3C 4C 5C 7C 1E ,,,,,,,,,,,,,,,,,,,,,,,
184,19,3,摸,2B,5A 6A 8A 8A 8A 5B 6B 6C 2E 2E ,,5,,,,,,,,,,,,,,,,,,,,,
185,19,3,丟,2B,5A 6A 8A 8A 8A 5B 6B 6C 2E 2E ,,5,,,,,,,,,,,,,,,,,,,,,
186,20,1,碰,2B,4B 4B 6B 7B 5C 6C 3E 3E ,2,11,,,,,,,,,,,,,,,,,,,,,
187,20,1,丟,4B,4B 6B 7B 5C 6C 3E 3E ,2,11,,,,,,,,,,,,,,,,,,,,,
188,21,0,摸,7B,1A 2A 3A 6A 6A 1C 1C 2C 3C 4C 5C 7C 1E ,,,,,,,,,,,,,,,,,,,,,,,
189,21,0,丟,7B,1A 2A 3A 6A 6A 1C 1C 2C 3C 4C 5C 7C 1E ,,,,,,,,,,,,,,,,,,,,,,,
190,22,3,吃,7B,5A 6A 8A 8A 8A 6C 2E 2E ,37,5,,,,,,,,,,,,,,,,,,,,,
191,22,3,丟,6C,5A 6A 8A 8A 8A 2E 2E ,37,5,,,,,,,,,,,,,,,,,,,,,
192,23,2,吃,6C,0A 2A 3A 4A 1E 2E 2E 3E ,62,18,,,,,,,,,,,,,,,,,,,,,
193,23,2,丟,1E,0A 2A 3A 4A 2E 2E 3E ,62,18,,,,,,,,,,,,,,,,,,,,,
194,24,1,摸,1E,4B 6B 7B 5C 6C 3E 3E ,2,11,,,,,,,,,,,,,,,,,,,,,
195,24,1,丟,4B,6B 7B 5C 6C 1E 3E 3E ,2,11,,,,,,,,,,,,,,,,,,,,,
196,25,0,摸,1D,1A 2A 3A 6A 6A 1C 1C 2C 3C 4C 5C 7C 1E ,,,,,,,,,,,,,,,,,,,,,,,
197,25,0,丟,1D,1A 2A 3A 6A 6A 1C 1C 2C 3C 4C 5C 7C 1E ,,,,,,,,,,,,,,,,,,,,,,,
198,26,3,摸,7A,5A 6A 8A 8A 8A 2E 2E ,37,5,,,,,,,,,,,,,,,,,,,,,
199,26,3,自摸,7A,5A 6A 8A 8A 8A 2E 2E ,37,5,,,,,,,,,,,,,,,,,,,,,
200,台,10,總台,30,牌型,根 素胡 首胡 ,,,,,,,,,,,,,,,,,,,,,,
201,score,-28,40,-26,14,,,,,,,,,,,,,,,,,,,,,,,
202,score,-28,40,-26,14,,,,,,,,,,,,,,,,,,,,,,,
203,結束,,,,,,,,,,,,,,,,,,,,,,,,,,,
204,4,東風北,3,0,2,,,,,,,,,,,,,,,,,,,,,,,
205,,2,,,6A 0B 6B 7B 0C 0C 1C 1C 2C 2C 5C 0D 2D ,,,,,,,,,,,,,,,,,,,,,,,
206,,1,,,0A 3A 4A 5A 0B 8B 0C 3C 5C 8C 0E 1E 2E ,,,,,,,,,,,,,,,,,,,,,,,
207,,0,,,0A 0A 5A 1B 5B 7B 4C 4C 6C 6C 7C 3E 3E ,,,,,,,,,,,,,,,,,,,,,,,
208,,3,,,2A 5A 7A 0B 0B 3B 8B 3C 6C 0D 0E 2E 3E ,,,,,,,,,,,,,,,,,,,,,,,
209,4,東風北,3,0,2,,,,,,,,,,,,,,,,,,,,,,,
210,,2,,,6A 0B 6B 7B 0C 0C 1C 1C 2C 2C 5C 0D 2D ,,,,,,,,,,,,,,,,,,,,,,,
211,,1,,,0A 3A 4A 5A 0B 8B 0C 3C 5C 8C 0E 1E 2E ,,,,,,,,,,,,,,,,,,,,,,,
212,,0,,,0A 0A 5A 1B 5B 7B 4C 4C 6C 6C 7C 3E 3E ,,,,,,,,,,,,,,,,,,,,,,,
213,,3,,,2A 5A 7A 0B 0B 3B 8B 3C 6C 0D 0E 2E 3E ,,,,,,,,,,,,,,,,,,,,,,,
214,1,3,摸,0E,2A 5A 7A 0B 0B 3B 8B 3C 6C 0D 0E 2E 3E ,,,,,,,,,,,,,,,,,,,,,,,
215,1,3,丟,0D,2A 5A 7A 0B 0B 3B 8B 3C 6C 0E 0E 2E 3E ,,,,,,,,,,,,,,,,,,,,,,,
216,2,2,摸,4C,6A 0B 6B 7B 0C 0C 1C 1C 2C 2C 5C 0D 2D ,,,,,,,,,,,,,,,,,,,,,,,
217,2,2,丟,6A,0B 6B 7B 0C 0C 1C 1C 2C 2C 4C 5C 0D 2D ,,,,,,,,,,,,,,,,,,,,,,,
218,3,1,吃,6A,0A 3A 0B 8B 0C 3C 5C 8C 0E 1E 2E ,13,,,,,,,,,,,,,,,,,,,,,,
219,3,1,丟,0A,3A 0B 8B 0C 3C 5C 8C 0E 1E 2E ,13,,,,,,,,,,,,,,,,,,,,,,
220,4,0,碰,0A,5A 1B 5B 7B 4C 4C 6C 6C 7C 3E 3E ,,0,,,,,,,,,,,,,,,,,,,,,
221,4,0,丟,5A,1B 5B 7B 4C 4C 6C 6C 7C 3E 3E ,,0,,,,,,,,,,,,,,,,,,,,,
222,5,3,摸,6B,2A 5A 7A 0B 0B 3B 8B 3C 6C 0E 0E 2E 3E ,,,,,,,,,,,,,,,,,,,,,,,
223,5,3,丟,2A,5A 7A 0B 0B 3B 6B 8B 3C 6C 0E 0E 2E 3E ,,,,,,,,,,,,,,,,,,,,,,,
224,6,2,摸,3B,0B 6B 7B 0C 0C 1C 1C 2C 2C 4C 5C 0D 2D ,,,,,,,,,,,,,,,,,,,,,,,
225,6,2,丟,0B,3B 6B 7B 0C 0C 1C 1C 2C 2C 4C 5C 0D 2D ,,,,,,,,,,,,,,,,,,,,,,,
226,7,3,碰,0B,5A 7A 3B 6B 8B 3C 6C 0E 0E 2E 3E ,,9,,,,,,,,,,,,,,,,,,,,,
227,7,3,丟,3B,5A 7A 6B 8B 3C 6C 0E 0E 2E 3E ,,9,,,,,,,,,,,,,,,,,,,,,
228,8,2,摸,0D,3B 6B 7B 0C 0C 1C 1C 2C 2C 4C 5C 0D 2D ,,,,,,,,,,,,,,,,,,,,,,,
229,8,2,丟,3B,6B 7B 0C 0C 1C 1C 2C 2C 4C 5C 0D 0D 2D ,,,,,,,,,,,,,,,,,,,,,,,
230,9,1,摸,1A,3A 0B 8B 0C 3C 5C 8C 0E 1E 2E ,13,,,,,,,,,,,,,,,,,,,,,,
231,9,1,丟,0E,1A 3A 0B 8B 0C 3C 5C 8C 1E 2E ,13,,,,,,,,,,,,,,,,,,,,,,
232,10,3,碰,0E,5A 7A 6B 8B 3C 6C 2E 3E ,,9 30 ,,,,,,,,,,,,,,,,,,,,,
233,10,3,丟,3C,5A 7A 6B 8B 6C 2E 3E ,,9 30 ,,,,,,,,,,,,,,,,,,,,,
234,11,2,吃,3C,6B 7B 0C 0C 1C 1C 2C 5C 0D 0D 2D ,48,,,,,,,,,,,,,,,,,,,,,,
235,11,2,丟,5C,6B 7B 0C 0C 1C 1C 2C 0D 0D 2D ,48,,,,,,,,,,,,,,,,,,,,,,
236,12,1,摸,3B,1A 3A 0B 8B 0C 3C 5C 8C 1E 2E ,13,,,,,,,,,,,,,,,,,,,,,,
237,12,1,丟,0B,1A 3A 3B 8B 0C 3C 5C 8C 1E 2E ,13,,,,,,,,,,,,,,,,,,,,,,
238,13,0,摸,1D,1B 5B 7B 4C 4C 6C 6C 7C 3E 3E ,,0,,,,,,,,,,,,,,,,,,,,,
239,13,0,丟,1B,5B 7B 4C 4C 6C 6C 7C 1D 3E 3E ,,0,,,,,,,,,,,,,,,,,,,,,
240,14,3,摸,0C,5A 7A 6B 8B 6C 2E 3E ,,9 30 ,,,,,,,,,,,,,,,,,,,,,
241,14,3,丟,0C,5A 7A 6B 8B 6C 2E 3E ,,9 30 ,,,,,,,,,,,,,,,,,,,,,
242,15,2,吃,0C,6B 7B 0C 0C 1C 0D 0D 2D ,44 48 ,,,,,,,,,,,,,,,,,,,,,,
243,15,2,丟,2D,6B 7B 0C 0C 1C 0D 0D ,44 48 ,,,,,,,,,,,,,,,,,,,,,,
244,16,1,摸,6B,1A 3A 3B 8B 0C 3C 5C 8C 1E 2E ,13,,,,,,,,,,,,,,,,,,,,,,
245,16,1,丟,3B,1A 3A 6B 8B 0C 3C 5C 8C 1E 2E ,13,,,,,,,,,,,,,,,,,,,,,,
246,17,0,摸,3A,5B 7B 4C 4C 6C 6C 7C 1D 3E 3E ,,0,,,,,,,,,,,,,,,,,,,,,
247,17,0,丟,3A,5B 7B 4C 4C 6C 6C 7C 1D 3E 3E ,,0,,,,,,,,,,,,,,,,,,,,,
248,18,3,摸,5C,5A 7A 6B 8B 6C 2E 3E ,,9 30 ,,,,,,,,,,,,,,,,,,,,,
249,18,3,丟,2E,5A 7A 6B 8B 5C 6C 3E ,,9 30 ,,,,,,,,,,,,,,,,,,,,,
250,19,2,摸,2B,6B 7B 0C 0C 1C 0D 0D ,44 48 ,,,,,,,,,,,,,,,,,,,,,,
251,19,2,丟,2B,6B 7B 0C 0C 1C 0D 0D ,44 48 ,,,,,,,,,,,,,,,,,,,,,,
252,20,1,摸,7C,1A 3A 6B 8B 0C 3C 5C 8C 1E 2E ,13,,,,,,,,,,,,,,,,,,,,,,
253,20,1,丟,0C,1A 3A 6B 8B 3C 5C 7C 8C 1E 2E ,13,,,,,,,,,,,,,,,,,,,,,,
254,21,2,碰,0C,6B 7B 1C 0D 0D ,44 48 ,18,,,,,,,,,,,,,,,,,,,,,
255,21,2,丟,1C,6B 7B 0D 0D ,44 48 ,18,,,,,,,,,,,,,,,,,,,,,
256,22,1,摸,6C,1A 3A 6B 8B 3C 5C 7C 8C 1E 2E ,13,,,,,,,,,,,,,,,,,,,,,,
257,22,1,丟,1E,1A 3A 6B 8B 3C 5C 6C 7C 8C 2E ,13,,,,,,,,,,,,,,,,,,,,,,
258,23,0,摸,1C,5B 7B 4C 4C 6C 6C 7C 1D 3E 3E ,,0,,,,,,,,,,,,,,,,,,,,,
259,23,0,丟,1C,5B 7B 4C 4C 6C 6C 7C 1D 3E 3E ,,0,,,,,,,,,,,,,,,,,,,,,
260,24,3,摸,1E,5A 7A 6B 8B 5C 6C 3E ,,9 30 ,,,,,,,,,,,,,,,,,,,,,
261,24,3,丟,1E,5A 7A 6B 8B 5C 6C 3E ,,9 30 ,,,,,,,,,,,,,,,,,,,,,
262,25,2,摸,5B,6B 7B 0D 0D ,44 48 ,18,,,,,,,,,,,,,,,,,,,,,
263,25,2,自摸,5B,6B 7B 0D 0D ,44 48 ,18,,,,,,,,,,,,,,,,,,,,,
264,台,6,總台,18,牌型,根 首胡 ,,,,,,,,,,,,,,,,,,,,,,
265,score,-34,34,-8,8,,,,,,,,,,,,,,,,,,,,,,,
266,score,-34,34,-8,8,,,,,,,,,,,,,,,,,,,,,,,
267,結束,,,,,,,,,,,,,,,,,,,,,,,,,,,
